id,name,class,size
C4020858,Choreatic disease,None,28
C4020859,Pyramidal tract disease,None,12
C2675111,Abnormal eyelashes,None,13
C0003803,Arnold Chiari Malformation,None,11
C1837082,Metaphyseal cupping,None,11
C4020851,Cortical white matter abnormalities seen on MRI,None,18
C1837081,Tibial bowing,None,20
C4020854,Neuro-degenerative disease,None,43
C4020855,Respiratory function loss,None,129
C4020856,Terminal tremor,None,20
C0020461,Hyperkalemia,None,17
C0079924,Oligohydramnios,None,32
C0003578,Apnea,None,45
C0332606,Elfin facies,None,10
C0857973,Increased serum parathyroid hormone,None,14
C0240310,Hypoplasia of the maxilla,None,66
C0241210,Speech Delay,None,116
C0027720,Nephrosis,disease,15
C0026636,Mouth Diseases,None,12
C1838979,MITOCHONDRIAL COMPLEX I DEFICIENCY,None,20
C1838608,Radial aplasia,None,15
C2219717,menstrual periods stopped for over 6 months,None,13
C1837404,"High, narrow palate",None,32
C1837402,Flat occiput,None,26
C0746940,nonverbal,None,43
C0043352,Xerostomia,None,42
C0206698,Cholangiocarcinoma,organ system cancer,25
C0231835,Tachypnea,None,20
C1389016,ATRIOVENTRICULAR CANAL DEFECT,None,17
C1850072,Tented upper lip,None,19
C0598608,Hyperhomocysteinemia,disease of metabolism,11
C1855773,"Psychomotor retardation, profound",None,17
C0221356,Brachycephaly,None,88
C1837084,Short metacarpal,None,44
C1837397,"Global developmental delay, severe",None,47
C0741796,Recurrent bronchitis,None,23
C0027659,"Neoplasms, Experimental",None,37
C0027658,"Neoplasms, Germ Cell and Embryonal",None,13
C4022003,Erectile abnormalities,None,16
C0002171,Alopecia Areata,None,11
C0002170,Alopecia,None,91
C0521719,Clouding of corneal stroma,None,50
C0428977,Bradycardia,None,36
C0009447,Common Variable Immunodeficiency,None,11
C0017658,Glomerulonephritis,None,34
C1837249,"Malformations of Cortical Development, Group II",None,31
C1969372,Tubulointerstitial fibrosis,None,11
C0948023,Urine phosphorous concentration above normal,None,21
C0004364,Autoimmune Diseases,None,64
C0035258,Restless Legs Syndrome,None,12
C0151205,Periorbital edema,None,13
C0730292,Macular dystrophy,None,11
C0730290,Cone dystrophy,None,20
C0013990,Pathological accumulation of air in tissues,None,10
C0553723,Squamous cell carcinoma of skin,None,12
C1859117,Recurrent pulmonary infections,None,29
C4280624,Blind spot located at fixation point,None,21
C4012968,Mild global developmental delay,None,15
C1839829,Short distal phalanges,None,50
C0151686,Growth retardation,None,114
C1305420,Prominent ear,None,56
C1866730,Rhizomelia,None,26
C1855285,Protruding ears,None,56
C0001206,Acromegaly,None,17
C0240538,Convex nasal ridge,None,38
C0431904,Ulnar polydactyly of fingers,None,47
C0027726,Nephrotic Syndrome,urinary system disease,57
C0405580,Adrenal cortical hypofunction,None,16
C1563720,Kallmann Syndrome 2 (disorder),None,18
C0011849,Diabetes Mellitus,None,91
C0011848,Diabetes Insipidus,urinary system disease,10
C1834060,Short middle phalanx of the 5th finger,None,13
C0020564,Hypertrophy,None,17
C4072849,Scapular weakness,None,23
C0038587,Substance Withdrawal Syndrome,None,53
C1839739,Prominent lower lip,None,64
C0040412,Fissured tongue,disease,17
C0003028,Anhidrosis,None,14
C0040411,Tongue Neoplasms,None,10
C0027080,Myoglobinuria,None,11
C0007273,Carotid Artery Diseases,disease,11
C1858085,Malar flattening,None,130
C4228227,Small thymus,None,13
C1112705,Nuclear non-senile cataract,None,18
C4021107,Non-obstructive azoospermia,None,22
C1956346,Coronary Artery Disease,None,78
C4024748,Aplasia/Hypoplasia of the iris,None,10
C0236969,Substance-Related Disorders,None,115
C0007873,Uterine Cervical Neoplasm,None,26
C0030554,Paresthesia,None,32
C1857042,Sparse scalp hair,None,42
C0026633,Mouth Abnormalities,None,14
C0149754,Cellulitis of periorbital region,None,13
C1857287,Stroke-like episodes,None,19
C1851854,Thin dental enamel,None,35
C0023891,"Liver Cirrhosis, Alcoholic",None,16
C0242488,Acute Lung Injury,None,18
C0023893,"Liver Cirrhosis, Experimental",None,767
C0023892,Biliary cirrhosis,None,45
C0023895,Liver diseases,None,88
C4024989,Hereditary nonpolyposis colorectal carcinoma,None,18
C0234378,Static Tremor,None,21
C0234376,Action Tremor,None,22
C1839604,Renal failure in adulthood,None,76
C3163798,Recurrent lower respiratory tract infection,None,12
C3809288,LEFT VENTRICULAR NONCOMPACTION 8,None,40
C1854418,Biparietal narrowing,None,28
C1846460,Malformed pinnae,None,37
C2677378,Duodenal villous atrophy,None,16
C0030312,Pancytopenia,disease,36
C0751295,Memory Loss,None,47
C3164374,Abnormality of pulmonary valve,None,23
C0340543,Familial primary pulmonary hypertension,None,11
C0011206,Delirium,None,10
C4025901,Abnormality of body height,None,13
C4025900,Abnormality of female internal genitalia,None,14
C0273115,Lung Injury,None,20
C0454555,Hypernasal voice,None,42
C0473527,Hypoalphalipoproteinemias,None,10
C0240953,Winged scapula,None,23
C1321329,Slowed saccades,None,12
C0024667,Animal Mammary Neoplasms,None,143
C0029422,Osteochondrodysplasias,disease,72
C4025763,Abnormality of the rib cage,None,12
C0026351,Moderate mental retardation (I.Q. 35-49),None,28
C0015393,Eye Abnormalities,None,36
C0024668,"Mammary Neoplasms, Experimental",None,155
C0020295,Hydronephrosis,urinary system disease,69
C1837142,Poor suck,None,20
C0019158,Hepatitis,None,24
C3808249,Optic disc abnormalities,None,12
C0019151,Hepatic Encephalopathy,disease,15
C1446712,Overlapping fingers,None,10
C0079154,Congenital Nonbullous Ichthyosiform Erythroderma,None,16
C0152013,Adenocarcinoma of lung (disorder),organ system cancer,60
C1864897,Cognitive delay,None,614
C0002962,Angina Pectoris,None,14
C3496069,cocaine use,None,11
C0241910,"Hepatitis, Autoimmune",disease,17
C0033578,Prostatic Neoplasms,None,492
C0008297,Choanal Atresia,None,28
C3552713,Talipes foot deformities,None,20
C0015695,Fatty Liver,None,75
C4280678,Posterior displacement of the tongue,None,10
C4280679,Increased calcium level in kidney,None,21
C0311468,Increased bilirubin level (finding),None,18
C1868571,"Thick, flared eyebrows",None,41
C1868577,Patella aplasia-hypoplasia,None,13
C0004352,Autistic Disorder,None,286
C0233514,Abnormal behavior,None,52
C1836926,Fundus with peripheral 'bony spicules',None,12
C0282160,Aplasia Cutis Congenita,None,14
C0158465,Acquired cubitus valgus,None,18
C0021831,Intestinal Diseases,None,11
C3806283,Frequent fractures,None,54
C0027404,Narcolepsy,None,21
C0015967,Fever,None,127
C0001418,Adenocarcinoma,disease of cellular proliferation,114
C1510586,Autism Spectrum Disorders,None,76
C3806443,Puffy cheeks,None,50
C0887833,"Carcinoma, Pancreatic Ductal",cell type cancer,20
C1837522,Decreased pain sensation,None,20
C0349639,Juvenile Myelomonocytic Leukemia,None,20
C4280495,Concave bridge of nose,None,196
C0042109,Urticaria,None,31
C0751837,Gait Ataxia,None,51
C1860614,ULNAR HYPOPLASIA,None,24
C0003811,Cardiac Arrhythmia,None,100
C0018995,Hemochromatosis,None,12
C1837098,Easy fatigability,None,18
C0162298,Joint stiffness,None,84
C1836653,Ascending aortic dissection,None,13
C4020843,Abnormal urinary amino-acid findings,None,38
C0438717,Transaminases increased,None,81
C4020840,Abnormal vertebral bodies,None,16
C4020847,Abnormality of pelvic girdle bone morphology,None,38
C0003486,Aortic Aneurysm,None,10
C4020844,Bullet vertebral body,None,17
C0700078,Decreased tendon reflex,None,124
C0011860,"Diabetes Mellitus, Non-Insulin-Dependent",None,157
C4021664,Abnormality of the abdominal wall,None,10
C0032226,Pleural Diseases,None,10
C2752013,Prenatal onset,None,139
C1368816,Sebaceous adenoma,None,18
C0003962,Ascites,None,21
C0262404,Cerebellar degeneration,None,103
C2973725,Pulmonary arterial hypertension,None,40
C1864711,Muscle biopsy shows dystrophic changes,None,39
C4021776,Abnormality of the voice,None,46
C0432103,Submucous cleft of hard palate,None,11
C1837899,Isoelectric focusing of serum transferrin consistent with CDG type I,None,10
C0206686,Adrenocortical carcinoma,organ system cancer,22
C0003706,Arachnodactyly,None,49
C1837385,Poor growth,None,114
C3805574,Increased fracture rate,None,54
C1837388,Abnormal respiratory patterns,None,20
C2981150,Uranostaphyloschisis,None,167
C0003492,Aortic coarctation,None,30
C2265792,Skeletal muscle hypertrophy,None,16
C0158646,Cleft palate with cleft lip,None,23
C0220633,Uveal melanoma,None,10
C4020869,Abnormality of the abdomen,None,14
C0012833,Dizziness,None,28
C0232939,Primary physiologic amenorrhea,None,55
C0035334,Retinitis Pigmentosa,eye disease,177
C1843108,Short hands,None,54
C0151740,Intracranial Hypertension,disease,24
C0151747,Renal tubular disorder,None,12
C0151744,Myocardial Ischemia,None,171
C1839839,MAJOR AFFECTIVE DISORDER 2,None,24
C1855340,Bowing of the long bones,None,31
C0029442,Osteomalacia,None,11
C0029443,Osteomyelitis,None,17
C0001916,Albinism,None,11
C0003635,Apraxias,None,27
C1290857,Disorder of face,None,10
C1840457,Loss of retinal pigment epithelium,None,10
C0241054,Skin bulla,None,56
C1858452,Thickened calvaria,None,17
C1839546,Microretrognathia,None,13
C1854387,Type 1 muscle fiber predominance,None,10
C1850667,Highly variable phenotype and severity,None,152
C0265319,Fibrous skin tumor of tuberous sclerosis,None,18
C0151611,Electroencephalogram abnormal,None,103
C0038454,Cerebrovascular accident,None,57
C0006267,Bronchiectasis,None,40
C0011053,Deafness,None,198
C1851971,Hypoplastic myelodysplasia,None,19
C2677762,Tall forehead,None,103
C0039685,Tetralogy of Fallot,heart disease,46
C0029191,Orchitis,None,12
C0544886,Somatic mutation,None,62
C0520459,Necrotizing Enterocolitis,None,17
C1835884,Triangular face,None,58
C0149925,Small cell carcinoma of lung,cell type cancer,42
C0431863,Carpal synostosis,None,12
C0332563,Papule,None,44
C0234182,Gowers sign,None,24
C4024753,Abnormality of the retinal vasculature,None,59
C1836623,Low to undetectable plasma cortisol,None,12
C4024756,Abnormality of macular pigmentation,None,16
C0452138,"Sensorineural hearing loss, bilateral",None,27
C0424448,Mask-like facies,None,25
C0149725,Lower respiratory tract infection,None,12
C0149721,Left Ventricular Hypertrophy,None,56
C0036651,Senile lentigo,None,10
C0079541,Holoprosencephaly,None,17
C0018798,Congenital Heart Defects,heart disease,59
C0266061,Open Bite,None,21
C3489733,Oculomotor apraxia,None,25
C0020179,Huntington Disease,None,12
C4024996,Aplasia/Hypoplasia of the lungs,None,13
C0011875,Diabetic Angiopathies,None,16
C0235833,Congenital diaphragmatic hernia,None,38
C0266539,Congenital total cataract,None,15
C0036421,Systemic Scleroderma,None,12
C0578626,blue iris (physical finding),None,17
C0030305,Pancreatitis,None,51
C1853193,Recurrent skin infections,None,21
C0155119,Recurrent erosion of cornea,eye disease,12
C0032914,Pre-Eclampsia,None,25
C1277241,Delayed myelination,None,22
C0242584,Autoimmune thrombocytopenia,None,22
C0000731,Abdomen distended,None,43
C0000737,Abdominal Pain,None,106
C1843005,Absent eyelashes,None,16
C0424688,Small head,None,375
C3714745,Malabsorption,None,87
C1405984,Absent radius,None,15
C0857379,Auricular malformation,None,41
C0036337,Schizoaffective Disorder,None,21
C0853897,Diabetic Cardiomyopathies,None,10
C0239676,High forehead,None,103
C0265783,Congenital hypoplasia of lung,None,48
C0162674,Chronic progressive external ophthalmoplegia,None,23
C0338715,Drug-induced depressive state,None,14
C1842688,Hypoplasia of the brainstem,None,22
C0162670,Mitochondrial Myopathies,None,31
C0162672,MERRF Syndrome,None,12
C1861975,"Cafe au lait spots, multiple",None,17
C1842680,Hypoplastic lobules,None,11
C1849089,Broad forehead,None,60
C0001956,alcohol use disorder,None,13
C0004106,Astigmatism,eye and adnexa disease,22
C0392163,Corneal erosion,None,16
C0234985,Mental deterioration,None,33
C0023434,Chronic Lymphocytic Leukemia,None,48
C1846228,Absence of pubertal development,None,17
C1848207,Poor speech,None,37
C1136249,"Mental Retardation, X-Linked",None,23
C0036202,Sarcoidosis,None,10
C1832160,Poor temperature regulation,None,10
C0920269,Microsatellite Instability,None,15
C0277959,Coarse hair,None,31
C0339535,"Night blindness, congenital stationary",None,15
C0438237,Liver enzymes abnormal,None,81
C0038325,Stevens-Johnson Syndrome,disease,30
C0042024,Urinary Incontinence,None,37
C0005741,Blepharitis,eye and adnexa disease,17
C4280666,Triangular head shape,None,10
C4280665,Wedge shaped head,None,10
C4280664,Big calvaria,None,147
C1827524,Wide spaced nipples,None,46
C0005744,Blepharophimosis,eye and adnexa disease,56
C0005747,Blepharospasm,disease,11
C2751582,Mitochondrial respiratory chain defects,None,15
C0600427,Cocaine Dependence,disease,44
C1833144,"Slender, gracile long tubular bones",None,21
C3277697,"Decreased visual acuity, progressive",None,36
C0025521,Inborn Errors of Metabolism,disease of metabolism,16
C0026106,Mild Mental Retardation,None,71
C4280807,Flattening of cranial vault,None,20
C0600031,Congenital absence of spleen,None,10
C0021841,Intestinal Neoplasms,None,12
C0021843,Intestinal Obstruction,disease,20
C4280808,Abnormally small eyeball,None,97
C0232744,Decreased liver function,None,24
C0014116,Endocardial Cushion Defects,heart disease,17
C0018055,"Gonadal Dysgenesis, Mixed",None,19
C0018051,Gonadal Dysgenesis,None,20
C0877165,Short phalanx of finger,None,32
C0543888,Epileptic encephalopathy,None,26
C0022548,Keloid,None,38
C1836735,hypopigmented skin patch,None,60
C3839460,Nonprogressive,None,12
C0424711,Orbital separation diminished,None,23
C1837066,Recurrent viral infections,None,15
C4020876,Dull intelligence,None,649
C4020874,No development of motor milestones,None,151
C4020875,Mental and motor retardation,None,614
C4020873,Infratentorial atrophy,None,103
C1861403,Variable expressivity,None,166
C0426789,Short thorax,None,21
C0027709,Nephrocalcinosis,urinary system disease,24
C0027708,Nephroblastoma,urinary system disease,20
C0027707,"Nephritis, Interstitial",None,10
C0264303,Laryngomalacia,None,14
C0600104,Obsessive compulsive behavior,None,25
C0026650,Movement Disorders,disease,62
C1835763,Vertebral body fusion,None,25
C0232461,Increased appetite (finding),None,26
C0234967,Choreoathetoid movements,None,32
C1837463,Narrow face,None,54
C0949445,Cervical Dystonia,None,17
C2937365,Recurrent aphthous ulcer,None,15
C0262444,Dental abnormalities,None,61
C0262431,Compression fracture of vertebral column,None,14
C1855020,Acute necrotizing encephalopathy,None,14
C0268307,Conjugated hyperbilirubinemia,None,14
C1855751,Bulbous nasal tip,None,48
C3278811,Thumb aplasia,None,16
C0017181,Gastrointestinal Hemorrhage,None,52
C0002395,Alzheimer's Disease,None,87
C0240421,"Muscle weakness, progressive",None,22
C1835452,Hypoplastic ovary,None,30
C0008519,Ectopic Tissue,None,14
C0743912,Increased ferritin,None,14
C0009421,Comatose,None,56
C0018989,Hemiparesis,None,44
C1837260,Prominent forehead,None,67
C0268237,Cytochrome-c Oxidase Deficiency,disease of metabolism,13
C0035304,Retinal Degeneration,eye and adnexa disease,48
C0035305,Retinal Detachment,eye and adnexa disease,33
C0035309,Retinal Diseases,eye and adnexa disease,57
C1862265,Elevated gonadotropins,None,15
C0878787,Growth failure,None,114
C0029453,Osteopenia,None,99
C0431478,Posteriorly rotated ear,None,61
C0271388,Pendular Nystagmus,None,14
C0029456,Osteoporosis,disease,164
C1855333,Small genitalia,None,13
C0271385,Horizontal Nystagmus,None,10
C1269683,Major Depressive Disorder,None,262
C0265654,Tarsal Coalition,None,12
C1450010,"Plagiocephaly, Nonsynostotic",None,20
C1848924,Infantile onset,None,238
C0023418,leukemia,None,53
C0231679,Ulnar deviation of the fingers,None,21
C0011881,Diabetic Nephropathy,None,35
C1527336,Sjogren's Syndrome,None,12
C3887499,Renal cyst,None,30
C0009081,Congenital clubfoot,disease,110
C0007384,Cataplexy,None,11
C0575167,Deformity of neck,None,19
C1864903,Hyperinsulinaemic hypoglycaemia,None,16
C0009952,Febrile Convulsions,None,14
C0542223,Loss of speech,None,16
C0020542,Pulmonary Hypertension,None,69
C0020541,"Hypertension, Portal",None,22
C3279149,"Liver dysfunction, mild",None,24
C0155320,"Blindness, Cortical",eye disease,33
C0020545,"Hypertension, Renovascular",urinary system disease,10
C3549698,Coxa valga deformity,None,22
C3277226,Restrictive ventilatory defect,None,11
C0004114,Astrocytoma,cell type cancer,29
C0025958,Microcephaly,None,26
C0027066,Myoclonus,None,79
C0006386,Bunion,None,26
C0149931,Migraine Disorders,disease,87
C0332573,Macule,None,19
C1843663,Sphincter disturbances,None,16
C1319853,"Asthma, Aspirin-Induced",None,13
C0265275,Jeune thoracic dystrophy,None,11
C1859717,Depressed nasal tip,None,11
C3840083,Late closure of anterior fontanel,None,11
C0399526,Class III malocclusion,None,78
C1145670,Respiratory Failure,None,77
C1262477,Weight decreased,None,104
C0423798,Increased tendency to bruise,None,67
C1843367,Poor school performance,None,649
C0020490,Hyperopia,eye and adnexa disease,47
C0019294,"Hernia, Inguinal",disease,89
C0036920,Sezary Syndrome,organ system cancer,27
C0234428,Disturbance of consciousness,None,19
C4025569,Eunuchoid habitus,None,14
C1853743,Axial hypotonia,None,46
C0850715,Abnormality of blood and blood-forming tissues,None,10
C0039446,Telangiectasis,None,17
C1846449,Irregular epiphyses,None,10
C2674608,Feeding difficulties in infancy,None,175
C1442903,Exostoses,None,11
C3887709,Optic Neuropathy,None,12
C4023397,Abnormal hair quantity,None,16
C0151891,Retinal depigmentation,None,12
C0266435,Congenital hypoplasia of penis,None,179
C0699743,Congenital muscular dystrophy (disorder),None,14
C0239067,Difficulty walking up stairs,None,12
C0041834,Erythema,None,58
C1846223,Adrenal hypoplasia,None,12
C1846226,Mineralocorticoid insufficiency,None,12
C3552463,Very poor growth,None,114
C0038002,Splenomegaly,None,189
C0008924,Cleft Lip,None,79
C0008925,Cleft Palate,None,199
C0004936,Mental disorders,None,12
C4024818,"Night blindness, progressive",None,51
C0022346,Icterus,None,82
C0032461,Polycythemia,None,12
C0024003,Lordosis,None,55
C3161330,Profound intellectual disabilities,None,31
C4025814,Abnormality of the metaphyses,None,48
C1842366,Low anterior hairline,None,30
C4025819,Abnormality of the hypothalamus-pituitary axis,None,12
C0221373,Claw hand,None,26
C0265677,Congenital hemivertebra,None,25
C1844806,Weight less than 3rd percentile,None,17
C0025286,Meningioma,None,23
C0015300,Exophthalmos,eye and adnexa disease,97
C1512419,Hereditary Melanoma,disease,12
C0853087,Nail abnormality,None,22
C2220104,Blister of skin,None,56
C1970705,Fragile hair,None,25
C1832446,Sparse eyebrow,None,43
C0334013,Phrynoderma,None,11
C0339527,Leber Congenital Amaurosis,eye and adnexa disease,19
C0042580,Vesico-Ureteral Reflux,disease,34
C1853562,Adult onset,None,83
C0262655,Recurrent urinary tract infection,None,24
C0349506,Photosensitivity of skin,None,55
C0025289,Meningitis,None,27
C4280652,Prominent back of the head,None,22
C0222716,Structure of wormian bone,None,24
C4280651,Hypotrophic malar bone,None,130
C4280656,Narrow cranium shape,None,78
C0042345,Varicosity,None,13
C4280654,Narrow skull shape,None,78
C4280655,Narrow head shape,None,78
C0877359,Liver function test increased,None,81
C3278975,Attenuation of retinal blood vessels,None,16
C4021242,Hypoplasia of the zygomatic bone,None,22
C1859480,Cone-shaped epiphyses of phalanges,None,16
C0587246,Muscle weakness of limb,None,21
C3806467,Respiratory insufficiency due to muscle weakness,None,37
C4280653,Turridolichocephaly,None,78
C0019829,Hodgkin Disease,None,16
C1136382,Sclerocystic Ovaries,None,17
C0162538,Immunoglobulin A deficiency (disorder),None,20
C0162539,IgG Deficiency,None,22
C0019825,Hoarseness,None,31
C4020861,Depressed philtrum,None,21
C4020860,Supratentorial atrophy,None,94
C4020865,Fibular polydactyly,None,12
C4020864,Abnormality of the haematopoietic system,None,10
C4020867,Persistant truncus arteriosus,None,17
C1168401,Squamous cell carcinoma of the head and neck,organ system cancer,30
C4020868,Elevated heart rate,None,25
C0152459,Linear atrophy,None,15
C0241355,Small testicle,None,76
C0231687,Spastic gait,None,23
C0231686,"Gait, Unsteady",None,29
C1849538,Delayed eruption of primary teeth,None,10
C0241240,Tall stature,None,34
C0238207,Ectopic kidney,None,11
C2937358,Cerebral Hemorrhage,None,40
C0004943,Behcet Syndrome,None,23
C0854107,Haemorrhage subcutaneous,None,10
C0234958,muscle degeneration,None,140
C0026640,Mouth Neoplasms,None,53
C0001768,Agammaglobulinemia,None,16
C4021395,Abnormality of the antihelix,None,10
C2051831,Pectus excavatum,None,100
C0003949,Asbestosis,None,12
C0032209,Platybasia,None,13
C1847906,Onion bulb formation,None,19
C1850049,Bilateral fifth finger clinodactyly,None,110
C1855038,Hepatocellular necrosis,None,14
C0432163,Defect of vertebral segmentation,None,17
C1865866,Congenital sensorineural hearing loss,None,12
C3494422,Retrognathia,None,55
C3280770,Cerebellar vermis aplasia or hypoplasia,None,12
C4073292,Afro-textured hair,None,13
C0151908,Dry skin,None,76
C0012811,Colon diverticulum anatomic structure,None,15
C0040053,Thrombosis,None,45
C0240295,Mandibular hypoplasia,None,276
C0426799,Congenital hypoplasia of clavicle,None,18
C0017661,IGA Glomerulonephritis,None,37
C1847879,X-linked dominant,None,57
C0035313,Retinal Dysplasia,None,11
C1855106,Neonatal onset,None,21
C4021800,Enamel abnormalities,None,31
C0017668,Focal glomerulosclerosis,None,37
C3715165,LEFT VENTRICULAR NONCOMPACTION 10,None,40
C1837108,Decreased muscle mass,None,31
C1843300,Sparse eyelashes,None,32
C0151766,Liver function tests abnormal finding,None,81
C0031149,Peritoneal Neoplasms,None,10
C0544755,Genu varum,None,30
C1861218,Hypoplastic ilia,None,13
C0029464,Osteosclerosis,None,23
C0029463,Osteosarcoma,cell type cancer,44
C0042900,Vitiligo,None,19
C0241074,Skin hyperelastic,None,32
C0271390,"Nystagmus, End-Position",None,12
C1847584,Distal sensory impairment,None,52
C0079773,"Lymphoma, T-Cell, Cutaneous",None,23
C0079772,T-Cell Lymphoma,None,13
C4280482,Flat back of the head,None,26
C0345397,Accessory rib,None,10
C0014866,Esophageal Stenosis,None,16
C4021734,Abnormality of mitochondrial metabolism,None,16
C4021735,Abnormality of the hip bone,None,17
C0265998,ANONYCHIA,None,20
C4072879,Small cheekbone,None,22
C0431448,Absent eyebrow,None,13
C3552853,"Color vision defect, severe",None,31
C0011071,Sudden death,None,17
C0149630,Bicuspid aortic valve,None,16
C0409338,Flexion contracture - elbow,None,32
C0431447,Synophrys,None,40
C0020555,Hypertrichosis,None,24
C0020557,Hypertriglyceridemia,None,12
C0020550,Hyperthyroidism,None,14
C0029882,Otitis Media,None,22
C0410916,Neonatal Death,None,14
C1561643,Chronic Kidney Diseases,None,13
C0234162,Cerebellar Dysmetria,None,56
C2229182,"Psychomotor retardation, mild",None,15
C0240671,Partial thromboplastin time increased (finding),None,11
C1856694,Areflexia of lower limbs,None,10
C1527311,Brain Edema,disease,32
C0006663,Calcinosis,disease,45
C0948163,Leukoaraiosis,None,18
C0040997,Trigeminal Neuralgia,disease,12
C0030567,Parkinson Disease,None,63
C0010417,Cryptorchidism,None,262
C1857079,Atretic auditory canal,None,23
C0237326,Dyschezia,None,139
C0220981,Metabolic acidosis,None,44
C0029089,Ophthalmoplegia,eye disease,99
C0019555,"Hip Dislocation, Congenital",None,48
C0232513,Premature tooth loss,None,18
C4021759,Generalized myoclonic seizures,None,39
C0427068,Monoparesis - leg,None,27
C0241654,VALVULAR ABNORMALITY,None,12
C1857679,Sloping forehead,None,46
C0034194,Pyloric Stenosis,None,38
C0427065,Distal muscle weakness,None,62
C0266642,Situs ambiguus,None,25
C0007621,Neoplastic Cell Transformation,None,115
C0427063,Shoulder girdle weakness,None,10
C0497156,Lymphadenopathy,None,64
C0007758,Cerebellar Ataxia,None,258
C0542346,Pimples,None,10
C0011253,Delusions,None,12
C0010308,Congenital Hypothyroidism,None,14
C1844592,Soft skin,None,17
C0158986,Neonatal hypoglycemia,None,18
C0343073,Wooly hair,None,17
C2112129,Postaxial foot polydactyly,None,12
C0266423,Congenital anomaly of testis,None,52
C1867131,Broad hallux,None,29
C0019693,HIV Infections,None,100
C0038013,Ankylosing spondylitis,None,12
C0427515,Neutrophil abnormality,None,21
C0392386,Decreased platelet count,None,112
C0024032,Low Birth Weights,None,69
C0748691,Shoulder weakness,None,10
C0001973,"Alcoholic Intoxication, Chronic",None,292
C4025821,Anterior hypopituitarism,None,19
C1844813,Widely spaced teeth,None,31
C0000889,Acanthosis Nigricans,disease,20
C0015310,Exotropia,None,25
C1844749,Rib fusion,None,16
C0022596,Palmoplantar Keratosis,disease,60
C0027051,Myocardial Infarction,None,106
C0334008,Pachyderma,None,21
C0018671,Head and Neck Neoplasms,organ system cancer,26
C0013421,Dystonia,None,117
C1832348,Slow-growing hair,None,19
C0008625,Chromosome Aberrations,None,15
C0027055,Myocardial Reperfusion Injury,None,85
C2316810,Chronic kidney disease stage 5,None,31
C4280645,Hypertrophy of lower jaw,None,78
C4280644,Increased size of mandible,None,78
C4280647,Hypertrophy of cheeks,None,50
C4280641,Hypotrophic maxilla,None,66
C0152116,Spasmodic torticollis,None,17
C4280643,Decreased projection of maxilla,None,66
C4280642,Deficiency of upper jaw bones,None,66
C4280648,Hyperplasia of cheeks,None,50
C0025500,Mesothelioma,disease of cellular proliferation,39
C0014130,Endocrine System Diseases,None,11
C0410264,Contracture of tendo achilles,None,10
C0042571,Vertigo,None,28
C0040264,Tinnitus,None,19
C0426818,Thin rib,None,21
C0028738,Nystagmus,eye disease,317
C4021254,Cutaneous finger syndactyly,None,11
C0018273,Growth Disorders,None,33
C0014553,Absence Epilepsy,None,23
C1866190,Atresia of the external auditory canal,None,23
C0014556,"Epilepsy, Temporal Lobe",None,23
C1866195,Downturned corners of mouth,None,51
C0022568,Keratitis,eye and adnexa disease,24
C0018099,Gout,None,14
C2830004,Somnolence,None,15
C4020813,Increased gastric cancer,None,21
C0032927,Precancerous Conditions,None,93
C1260899,"Anemia, Diamond-Blackfan",None,18
C0234144,Dysgraphia,None,16
C0426492,Small tongue,None,10
C0087012,"Ataxia, Spinocerebellar",None,17
C0853697,Neutrophil count decreased,None,48
C1859541,Variable degree of villous atrophy,None,16
C0263454,Chloracne,None,33
C0004782,Basal Ganglia Diseases,disease,14
C0795690,Congenital omphalocele,disease,21
C0685840,Congenital hypoplasia of ovary,None,30
C0013336,Dwarfism,None,37
C0018418,Gynecomastia,None,56
C0039231,Tachycardia,None,43
C0151576,Elevated creatine kinase,None,117
C1855009,Psychomotor regression in infants,None,102
C0032580,Adenomatous Polyposis Coli,None,14
C0009398,Color vision defect,None,33
C0009404,Colorectal Neoplasms,None,233
C0001627,Congenital adrenal hyperplasia,None,11
C0001624,Adrenal Gland Neoplasms,None,11
C1850456,Progressive microcephaly,None,32
C1844527,Clitoral hypoplasia,None,14
C0338831,Manic,None,14
C4021815,Abnormality of the palate,None,18
C0345996,Milium Cyst,None,16
C4021813,Oral cleft,None,18
C2674574,"Aortic aneurysm, familial thoracic 3",None,13
C1142533,Smooth philtrum,None,43
C0035455,Rhinitis,None,14
C0151480,Anti-nuclear factor positive,None,18
C0241005,Creatine phosphokinase serum increased,None,117
C0079744,Diffuse Large B-Cell Lymphoma,None,34
C0333913,Achromasia,None,11
C1848673,Hypoplastic feet,None,69
C1865186,Bell-shaped thorax,None,10
C0158761,Radioulnar Synostosis,None,24
C4255213,Increased size of skull,None,147
C0035078,Kidney Failure,urinary system disease,76
C4021724,Decreased activity of cytochrome C oxidase in muscle tissue,None,10
C4021727,EMG: neuropathic changes,None,16
C4021726,EMG: myopathic abnormalities,None,22
C0272027,Pyridoxine-responsive sideroblastic anemia,None,16
C0265989,Congenital scar,None,13
C0268363,Osteogenesis imperfecta type IV (disorder),None,10
C2936907,NADH:Q(1) Oxidoreductase deficiency,disease of metabolism,24
C0344482,Hypoplasia of corpus callosum,None,90
C0401151,Chronic diarrhea,None,30
C3554617,Adducted thumb,None,22
C0023290,"Leishmaniasis, Visceral",None,14
C0393706,Early infantile epileptic encephalopathy with suppression bursts,None,10
C0235153,"Hallucinations, Sensory",None,41
C0242350,Erectile dysfunction,None,32
C0026884,Mutism,None,10
C0265215,Meckel-Gruber syndrome,None,13
C0018564,Hand deformities,None,32
C0009375,Colonic Neoplasms,None,142
C1862863,Sparse body hair,None,32
C0431380,Cortical Dysplasia,None,13
C0023904,"Liver Neoplasms, Experimental",None,95
C0023903,Liver neoplasms,None,123
C0271901,Microcytic hypochromic anemia (disorder),None,11
C1834118,Potato nose,None,48
C1856661,Cloudy cornea,None,33
C1856660,Abnormal helices,None,11
C0392775,Cystic medial necrosis of aorta,None,13
C0392777,Poikiloderma,None,14
C0003504,Aortic Valve Insufficiency,heart disease,30
C0221170,Muscular stiffness,None,12
C0740392,"Infarction, Middle Cerebral Artery",None,33
C0268583,Methylmalonic acidemia,None,16
C0740394,Hyperuricemia,None,17
C0011882,Diabetic Neuropathies,None,14
C0023343,Leprosy,eye disease,12
C1857641,Severe postnatal growth retardation,None,16
C0011884,Diabetic Retinopathy,eye disease,11
C1848490,Protruding eyes,None,97
C1845977,X- linked recessive,None,110
C0751495,"Seizures, Focal",None,14
C0266294,Unilateral agenesis of kidney,None,20
C0878544,Cardiomyopathies,heart disease,112
C0266292,Congenital anomaly of the kidney,None,12
C0027339,Nail Diseases,disease,24
C2053437,Full lower lip,None,64
C0030354,Papilloma,disease of cellular proliferation,25
C0020505,Hyperphagia,None,26
C0030193,Pain,None,79
C0233794,Memory impairment,None,47
C0000768,Congenital Abnormality,None,11
C1834752,"MYCOBACTERIUM TUBERCULOSIS, SUSCEPTIBILITY TO (finding)",None,11
C4082169,Metatarsus Varus,None,24
C0036349,Paranoid Schizophrenia,None,17
C1849295,Hypoplastic labia minora,None,13
C1854838,Progressive neurologic deterioration,None,19
C0036341,Schizophrenia,None,1041
C0424323,Physical aggression,None,76
C1301509,Severe visual impairment,None,16
C0037299,Skin Ulcer,None,49
C0001969,Alcoholic Intoxication,None,34
C4025838,Abnormality of the pharynx,None,20
C0162429,Malnutrition,None,11
C0497552,Congenital neurologic anomalies,None,20
C0431362,Lobar Holoprosencephaly,None,20
C0431363,Alobar Holoprosencephaly,None,14
C0376480,Gingival Overgrowth,None,33
C0021051,Immunologic Deficiency Syndromes,None,114
C0004134,Ataxia,None,15
C2227134,mandibular excess (physical finding),None,78
C0221358,Long narrow head,None,78
C0233315,Premature birth of newborn,None,67
C0221357,Brachydactyly,None,125
C0221354,Frontal bossing,None,157
C0021296,"Infant, Small for Gestational Age",None,177
C0221352,Syndactyly of fingers,None,48
C0221353,Horseshoe Kidney,None,16
C1844820,Range of joint movement increased,None,33
C0012819,Diverticular disease of colon,None,15
C0554101,Villous atrophy,None,16
C4025616,CNS hypomyelination,None,17
C4280582,Agenesis of eyebrows,None,13
C4280581,Aplasia of eyebrows,None,13
C0004245,Atrioventricular Block,heart disease,11
C1856872,Sloping shoulders,None,21
C0038379,Strabismus,None,272
C1853237,Isolated cases,None,75
C1856786,Hypoplastic fingernails,None,11
C1853235,Sclerocornea,eye and adnexa disease,14
C0236175,Elevated IgE,None,10
C0019209,Hepatomegaly,None,260
C0014306,Enophthalmos,eye and adnexa disease,63
C0019202,Hepatolenticular Degeneration,None,24
C0022408,Arthropathy,None,15
C0024115,Lung diseases,None,51
C0024117,Chronic Obstructive Airway Disease,None,38
C1619700,RENAL ADYSPLASIA,None,24
C0152438,Sprengel deformity,None,16
C4025723,Abnormal upper motor neuron morphology,None,11
C0043094,Weight Gain,None,100
C4280368,Hypotrophic cheekbone,None,22
C4280369,Flattening of the zygomatic bone,None,22
C0687149,Pure gonadal dysgenesis,None,19
C0403553,Renal dysplasia and retinal aplasia (disorder),None,10
C0853193,Bipolar I disorder,None,18
C1854301,Motor delay,None,151
C1862475,Abnormality of retinal pigmentation,None,113
C4082304,Oligodontia,None,24
C0022578,Keratoconus,eye and adnexa disease,63
C0240063,Coloboma of iris,None,38
C1846439,ODONTOID HYPOPLASIA,None,16
C1846950,Short middle phalanges,None,12
C0157733,hair abnormalities (non-specific),None,31
C0014544,Epilepsy,disease,564
C1510497,Lens Opacities,None,232
C0162557,"Liver Failure, Acute",None,29
C0018790,Cardiac Arrest,heart disease,10
C0014549,Tonic-Clonic Epilepsy,disease,10
C0018799,Heart Diseases,None,43
C1833752,Varying degree of multiple fractures,None,54
C0022353,Neonatal Jaundice,disease,18
C0005283,beta Thalassemia,None,10
C0151514,Atrophic condition of skin,disease,26
C0024809,Marijuana Abuse,None,33
C0038990,Sweating,None,83
C1836509,Hypotonic seizures,None,11
C1840077,Anteverted nostril,None,191
C0426790,Narrow thorax,None,54
C0013491,Ecchymosis,None,67
C1836189,Radially deviated fingers,None,38
C1836184,Short femoral neck,None,15
C1837279,Hypoplastic toenails,None,22
C1837458,Impaired smooth pursuit,None,14
C0235986,Growth hormone excess,None,14
C0334588,Giant Cell Glioblastoma,None,12
C1860236,Irregular hyperpigmentation,None,33
C1833118,"Cataract, Pulverulent",None,11
C0232466,Feeding difficulties,None,127
C0005910,Body Weight,None,14
C1865841,Flared iliac wings,None,13
C2609414,Acute kidney injury,None,72
C1865847,Ulnar bowing,None,10
C1860834,Infantile muscular hypotonia,None,12
C1860838,Large prominent ears,None,87
C0339063,Cellulitis of eyelid,None,17
C1865060,Molar tooth sign on MRI,None,12
C0002452,Amelogenesis Imperfecta,None,14
C0240479,Neck muscle weakness,None,17
C0027626,Neoplasm Invasiveness,None,143
C0027627,Neoplasm Metastasis,None,185
C0231791,Toeing-in,None,24
C0040034,Thrombocytopenia,None,130
C1862095,Bilateral single transverse palmar creases,None,34
C0240278,Lymphatic obstruction,None,21
C1848701,Elevated hepatic transaminases,None,81
C0040038,Thromboembolism,None,15
C1865992,Short hallux,None,16
C0032460,Polycystic Ovary Syndrome,None,162
C4021821,Abnormality of the urinary system,None,21
C1836696,Lower limb hyperreflexia,None,10
C0345967,Malignant mesothelioma,cell type cancer,109
C0003850,Arteriosclerosis,None,11
C0948740,Pituitary hypoplasia,None,13
C0025990,Micrognathism,None,276
C0029408,Degenerative polyarthritis,None,118
C0025995,Micromelia,None,59
C0029401,Osteitis Deformans,None,10
C0042963,Vomiting,None,113
C0018939,Hematological Disease,None,18
C0476397,Electroretinogram abnormal,None,96
C0235095,Visual field constriction,None,36
C0392557,Nuclear cataract,None,19
C0241013,Serum ferritin increased,None,14
C0241011,Low serum estradiol levels,None,22
C1851792,Aplasia/Hypoplasia of the earlobes,None,11
C0241772,"Reflex, Deep Tendon, Absent",None,93
C0158775,Congenital anomaly of spine,None,16
C0423757,Thin skin,None,47
C4023911,Aplasia/Hypoplasia of the breasts,None,10
C1855019,Psychomotor regression,None,102
C0151811,Subcutaneous nodule,None,54
C4021753,Abnormality of the immune system,None,19
C1850530,Flexion contractures of joints,None,93
C0220982,Ketoacidosis,None,11
C0151818,Opisthotonus,None,14
C1844947,Death in early childhood,None,82
C0013274,Patent ductus arteriosus,heart disease,77
C0151639,Decreased fertility in females,None,20
C0265535,Trigonocephaly,None,10
C0151632,ESR raised,None,20
C0034885,Rectal Neoplasms,None,18
C0034880,Hyperacusis,None,11
C0375206,Hemiplegia and hemiparesis,None,38
C1142166,Brugada Syndrome (disorder),heart disease,15
C1860127,Impaired T cell function,None,14
C1860121,Decreased testosterone in males,None,28
C0241703,High pitched voice,None,23
C0016978,gallbladder neoplasm,None,11
C3489396,"Hypogonadism, Isolated Hypogonadotropic",None,74
C1806780,Cerebrospinal fluid protein increased above normal,None,14
C0234146,Absent reflex,None,93
C0265221,Walker-Warburg congenital muscular dystrophy,None,14
C0948187,Tracheomalacia,None,11
C0009363,Congenital ocular coloboma (disorder),eye and adnexa disease,40
C1859126,Stippled epiphyses,None,28
C1458155,Mammary Neoplasms,None,448
C1839254,Small capital femoral epiphyses,None,10
C0431399,Familial aplasia of the vermis,None,19
C1445953,Poor eye contact,None,12
C1834696,Hyporeflexia of lower limbs,None,10
C0085605,Liver Failure,None,73
C0085606,Urgency of micturition,None,14
C0427190,"Ataxia, Truncal",None,21
C0085602,Polydipsia,None,15
C0242383,Age related macular degeneration,None,19
C0007193,"Cardiomyopathy, Dilated",heart disease,83
C3714581,Multicystic Dysplastic Kidney,None,52
C0080178,Spina Bifida,None,19
C0007194,Hypertrophic Cardiomyopathy,heart disease,95
C0855329,Electrocardiogram change,None,81
C0080174,Spina Bifida Occulta,None,12
C0694550,Recurrent pneumonia,None,29
C0026827,Muscle hypotonia,None,575
C1857657,Decreased subcutaneous adipose tissue,None,13
C1857656,Precociously senile appearance,None,18
C0852283,Respiratory Distress Syndrome,None,15
C0266625,Preauricular sinus,None,27
C0266623,Congenital anomaly of neck,None,19
C1853932,Rimmed vacuoles on biopsy,None,15
C0744641,Intermittent migraine headaches,None,79
C1846435,Short-trunked dwarfism,None,13
C1846434,Hypoplastic scapulae,None,14
C0037199,Sinusitis,None,40
C1868085,Craniofacial hyperostosis,None,11
C0085110,Severe Combined Immunodeficiency,None,17
C0016202,Flatfoot,None,72
C1691215,Penile hypospadias,None,106
C1261473,Sarcoma,None,24
C0221766,Diastasis recti,None,10
C0221765,Chronic schizophrenia,None,12
C3150281,Fetal overgrowth,None,17
C0024232,Lymphatic Metastasis,None,14
C4023452,Elevated C-reactive protein level,None,15
C0020595,Hypoaldosteronism,None,12
C0020224,Polyhydramnios,None,85
C0020598,Hypocalcemia,None,32
C0235942,Skull malformation,None,38
C0239989,Decreased IgM,None,11
C0235946,Cerebral atrophy,None,185
C0266371,Streak ovary,None,15
C0239981,Hypoalbuminemia,None,24
C4082173,Porencephaly,None,17
C0037286,Skin Neoplasms,None,67
C2676676,"BREAST-OVARIAN CANCER, FAMILIAL, SUSCEPTIBILITY TO, 1",None,13
C0036572,Seizures,None,603
C0558242,Stretched skin,None,10
C4025844,Chorioretinal abnormality,None,24
C4025845,Abnormality of the iris,None,14
C4025846,Abnormality of vision,None,40
C0030232,Pallor,None,41
C4280598,Flattening of head,None,20
C4025662,Abnormality of the ulna,None,10
C4280595,Cranial defect,None,10
C0558165,Curly hair (finding),None,14
C4280597,Rhomboid shaped head,None,20
C4280596,Calvarial defect,None,10
C0685381,Congenital hypoplasia of radius,None,23
C1849039,Metaphyseal widening,None,23
C0919267,ovarian neoplasm,organ system cancer,102
C0751688,Malignant Squamous Cell Neoplasm,disease of cellular proliferation,17
C0038363,Aphthous Stomatitis,None,15
C0235896,Infiltrate of lung,None,18
C0033774,Pruritus,None,59
C0086132,Depressive Symptoms,None,30
C0042373,Vascular Diseases,None,16
C0152427,Polydactyly,None,28
C0152423,Congenital small ears,None,48
C0152421,Macrotia,None,87
C1842714,Desquamation of skin soon after birth,None,11
C4280370,Depressed cheekbone,None,22
C0002736,Amyotrophic Lateral Sclerosis,disease,51
C0008372,Intrahepatic Cholestasis,None,13
C0008370,Cholestasis,None,84
C0400966,Non-alcoholic Fatty Liver Disease,None,42
C0699791,Stomach Carcinoma,organ system cancer,11
C1848395,Large for gestational age,None,11
C1849265,Overgrowth,None,17
C0856863,Broad-based gait,None,19
C0018784,Sensorineural Hearing Loss (disorder),None,295
C0033054,Prenatal Exposure Delayed Effects,None,10
C0018781,Noise-induced hearing loss,None,22
C0431371,Absence of septum pellucidum,None,13
C0206762,"Limb Deformities, Congenital",None,16
C1844383,Recurrent bacterial infection,None,42
C1836047,Long face,None,71
C1844384,Recurrent fungal infections,None,13
C0014067,Occipital Encephalocele,None,10
C0014065,Congenital cerebral hernia,None,21
C4020849,Bowed and upward slanting eyebrows,None,41
C0004509,Azoospermia,None,32
C0040336,Tobacco Use Disorder,None,11
C1844548,Hypoplastic finger,None,18
C1858025,Spinal rigidity,None,13
C2267233,Neonatal Hypotonia,None,64
C0014591,Epistaxis,None,43
C4022878,Descending aortic dissection,None,13
C3806301,Scarring alopecia of scalp,None,13
C1862314,Basal cell nevi,None,23
C1836195,Hypoplastic toes,None,31
C0018991,Hemiplegia,None,13
C0032273,Pneumoconiosis,None,14
C1837485,Flat acetabular roof,None,10
C0042798,Low Vision,None,175
C0426870,Large hand,None,18
C0853945,Oral mucosal blistering,None,10
C0005904,Body Temperature Changes,None,10
C1865037,Cone-shaped epiphyses,None,24
C0028077,Night Blindness,eye and adnexa disease,88
C0263490,Brittle hair,None,25
C1837482,Thoracic hypoplasia,None,14
C4020846,Prone to bacterial infection,None,42
C0003466,"Anus, Imperforate",None,46
C0003467,Anxiety,None,120
C1260926,Abnormal pigmentation,None,25
C0347959,Lactic acidemia,None,106
C0003469,Anxiety Disorders,None,37
C1836996,Marfanoid body habitus,None,11
C0009171,Cocaine Abuse,None,16
C1848736,Distal amyotrophy,None,51
C0040028,"Thrombocythemia, Essential",None,12
C0003862,Arthralgia,None,91
C4020838,Relative short stature,None,13
C4020839,Multiple vertebral anomalies,None,16
C4025669,Decreased circulating ACTH level,None,12
C0206160,Reticulocytosis,None,20
C0043202,Wolff-Parkinson-White Syndrome,heart disease,22
C1850309,Mildly increased creatine kinase,None,20
C0035126,Reperfusion Injury,None,85
C4280616,Large elongated pulp chamber,None,15
C1855665,Ovoid vertebral bodies,None,17
C0432040,"Simple syndactyly of toes, first web space",None,23
C0025988,Microglossia,None,10
C0344559,Irido-corneo-trabecular dysgenesis (disorder),None,10
C0018923,Hemangiosarcoma,None,18
C4280612,Decreased width of tooth,None,59
C1859399,Radial bowing,None,13
C1848654,Broad ribs,None,12
C0003886,Arthrogryposis,None,54
C0018924,Hemarthrosis,None,11
C2315100,Pediatric failure to thrive,None,367
C4023909,Aplasia/Hypoplasia of the abdominal wall musculature,None,17
C0027125,Myotonia,None,10
C1859775,Anterior pituitary hypoplasia,None,13
C1859778,Postnatal growth retardation,None,57
C4021745,Abnormality of the musculature,None,16
C0151825,Bone pain,None,42
C4021741,Abnormal cortical bone morphology,None,22
C1862132,Short ulnae,None,24
C1838681,Rapidly progressive,None,27
C1855062,Large dysplastic ears,None,87
C0220994,Hyperammonemia,None,30
C4072822,Wide bregma sutures,None,47
C4072823,Broad cranium shape,None,88
C4072820,Large bregma sutures,None,47
C0009917,Contracture,None,96
C0085271,Self-Injurious Behavior,None,12
C4072827,Cone/cone-rod dystrophy,None,20
C4072824,Wide skull shape,None,88
C0234979,Dysdiadochokinesis,None,25
C0017563,Gingival Diseases,None,20
C0017566,Gingival Hyperplasia,None,35
C0017567,Gingival Hypertrophy,None,34
C0017565,Gingival Hemorrhage,None,18
C1855204,Cellular immunodeficiency,None,19
C1839798,Long nose,None,15
C1839797,Deep philtrum,None,21
C0027022,Myeloproliferative disease,None,16
C0399385,Early tooth exfoliation,None,18
C3714756,Intellectual Disability,None,744
C3714757,Juvenile rheumatoid arthritis,None,11
C0270612,Leukoencephalopathies,None,29
C1858574,Sparse axillary hair,None,28
C0010068,Coronary heart disease,None,22
C0234132,Pyramidal sign,None,29
C0234133,Extrapyramidal sign,None,29
C1856468,"Round, full face",None,45
C0342276,Maturity onset diabetes mellitus in young,None,11
C0175754,Agenesis of corpus callosum,None,82
C0542518,Enlarged kidney,None,15
C0549613,BILIARY TRACT ABNORMALITY,None,16
C0242422,Parkinsonian Disorders,None,56
C0677886,Epithelial ovarian cancer,cell type cancer,10
C0085612,Ventricular arrhythmia,None,11
C1865200,Delayed epiphyseal ossification,None,10
C3279397,Very long chain fatty acid accumulation,None,13
C0020452,Hyperemia,None,13
C0020455,Hypergammaglobulinemia,None,10
C0020456,Hyperglycemia,None,33
C0028326,Noonan Syndrome,None,17
C0014550,"Epilepsies, Myoclonic",disease,41
C0154676,Organic writer's cramp,disease,10
C0154671,Degenerative brain disorder,disease,100
C1276035,Pena-Shokeir syndrome type I,None,12
C0265529,Plagiocephaly,None,20
C0266610,Preauricular dimple,None,27
C0240735,Personality change,None,23
C0266617,Congenital anomaly of face,None,58
C1849923,Generalized hypopigmentation,None,15
C0423224,Sunken eyes,None,63
C1843921,Postural instability,None,19
C0424503,Dysmorphic facies,None,48
C0423221,Globe of eye large,None,20
C1853141,Slow decrease in visual acuity,None,13
C0333068,Flexion contracture,None,93
C1857130,Hypoplastic mandible condyle,None,276
C0338451,Frontotemporal dementia,None,10
C0085109,Corneal Neovascularization,eye disease,13
C0037769,West Syndrome,None,18
C0085298,Sudden Cardiac Death,None,29
C0024228,Lymphatic Diseases,None,14
C0267963,Exocrine pancreatic insufficiency,None,14
C0854110,Insulin resistant diabetes,None,13
C0029124,Optic Atrophy,None,225
C0239998,Recurrent infections,None,48
C0266387,Bicornuate uterus,None,11
C0154920,Pigmentary iris degeneration,None,21
C0162316,Iron deficiency anemia,None,10
C1835229,Onset of lymphedema around puberty,None,21
C1832200,Peroxisome biogenesis disorders,None,11
C1849073,Fused vertebrae,None,25
C1860493,Sternal anomalies,None,19
C0162154,Atrophic scar,None,18
C0011351,Dental Enamel Hypoplasia,None,35
C0041948,Uremia,None,17
C1408258,Kidney damage,None,25
C0020678,Hypotrichosis,None,28
C0267812,Micronodular cirrhosis,None,12
C0341703,Adult Fanconi syndrome,None,12
C0341706,Glycinuria,None,10
C0581342,Redundant skin,None,28
C0021400,Influenza,None,52
C0020672,"Hypothermia, natural",None,17
C0020676,Hypothyroidism,None,49
C0221629,Proximal muscle weakness,None,48
C4280560,Increased thickness of cranium,None,17
C4280565,Delayed maturation of end part of long bone,None,10
C4280566,Abnormal development of end part of bone,None,14
C4280567,Abnormal skeletal development,None,60
C0026267,Mitral Valve Prolapse Syndrome,heart disease,40
C0026266,Mitral Valve Insufficiency,heart disease,33
C0038356,Stomach Neoplasms,None,303
C0311394,Difficulty walking,None,28
C0038358,Gastric ulcer,None,18
C1854494,Slow progression,None,90
C1400105,Hypertrophy of nose,None,23
C0424296,Social disinhibition,None,14
C0424295,Hyperactive behavior,None,91
C0152021,Congenital heart disease,None,24
C0282527,Infantile Refsum Disease (disorder),disease of metabolism,13
C0282525,"Adrenoleukodystrophy, Neonatal",None,13
C4280304,Curvature of digit,None,60
C3277418,Gastrointestinal hamartomatous polyps,None,10
C0001125,"Acidosis, Lactic",None,108
C1167712,Corneal diameter increased,None,13
C0001126,Renal tubular acidosis,None,10
C0520927,Decreased fertility,None,33
C1836296,Weakness of lower limb,None,27
C1838869,Proximal neurogenic muscle weakness,None,48
C0156394,Hypertrophy of clitoris,None,40
C0022680,Polycystic Kidney Diseases,urinary system disease,20
C0019080,Hemorrhage,None,17
C0019087,Hemorrhagic Disorders,None,31
C1704375,Hypophosphatemic Rickets,None,11
C0270948,Neurogenic Muscular Atrophy,None,140
C0973461,Dysphasia,None,23
C1860475,Tortuous retinal vessels,None,15
C0023212,Left-Sided Heart Failure,None,16
C0022336,Creutzfeldt-Jakob disease,None,13
C0003507,Aortic Valve Stenosis,heart disease,20
C1861329,Spinal canal stenosis,None,12
C1861324,Short philtrum,None,53
C1836038,Poor head control,None,14
C1866141,Foot dorsiflexor weakness,None,27
C3553450,Profound global developmental delay,None,17
C0014850,Esophageal Atresia,None,25
C0014859,Esophageal Neoplasms,None,70
C0037926,Compression of spinal cord,None,10
C0557874,Global developmental delay,None,614
C4020730,Increased intramyocellular lipid droplets,None,13
C1842876,Depressed nasal ridge,None,51
C0239174,Late tooth eruption,None,61
C0014457,Eosinophilia,None,28
C0005937,Bone Cysts,None,12
C0311375,Arsenic Poisoning,None,61
C0398623,Thrombophilia,None,16
C0018681,Headache,None,37
C4021998,Lack of skin elasticity,None,10
C1850794,"Muscle atrophy, proximal",None,12
C0043459,Zellweger Syndrome,disease of metabolism,15
C0033860,Psoriasis,disease,67
C1841659,Atrioventricular nodal disease,None,10
C0238621,Aminoaciduria,None,38
C0220697,"POLYDACTYLY, POSTAXIAL",None,13
C2748653,Chubby cheeks,None,50
C0231246,Failure to gain weight,None,367
C4083050,Agenesis of teeth,None,21
C1859424,Increased chromosomal breakage,None,27
C0238395,Male Pseudohermaphroditism,None,19
C0234860,Weak cry,None,17
C0238397,Pulmonary artery stenosis,None,20
C0002878,"Anemia, Hemolytic",disease,56
C0003873,Rheumatoid Arthritis,None,173
C0003872,"Arthritis, Psoriatic",None,14
C0002871,Anemia,None,153
C0002874,Aplastic Anemia,disease,12
C1840380,Persistent cavum septum pellucidum,None,10
C1850171,Short limb dwarfism recognizable at birth,None,10
C1855676,Cerebellar vermis aplasia/ hypoplasia,None,12
C0206754,Neuroendocrine Tumors,None,11
C3501843,Nonmedullary Thyroid Carcinoma,None,10
C0018916,Hemangioma,disease of cellular proliferation,24
C3495559,Juvenile arthritis,None,130
C0028797,Occupational Diseases,None,12
C0264133,Acquired flat foot,None,72
C0009763,Conjunctivitis,eye and adnexa disease,37
C0017979,Glycosuria,None,29
C1860816,Preauricular skin tag,None,19
C4072835,Kinky hair texture,None,13
C4072834,Rough hair texture,None,31
C4072837,Fractured hair,None,25
C4072836,Nappy hair texture,None,13
C4072831,Delayed closure of the soft spot on the skull,None,11
C4072830,Asymmetry of the posterior cranium,None,20
C4072833,Funny looking face,None,48
C4072832,Distortion of face,None,48
C0017574,Gingivitis,None,11
C1864156,"Conjunctivitis, recurrent",None,37
C0016689,Freckles,None,33
C1848530,Abnormal visual pursuit,None,14
C0006118,Brain Neoplasms,None,23
C4022675,Increased female libido,None,13
C0006111,Brain Diseases,None,23
C0006114,Cerebral Edema,None,25
C0025362,Mental Retardation,None,649
C0494475,Tonic - clonic seizures,None,54
C0235430,Ketonemia,None,11
C0151721,Testicular hypogonadism,None,21
C0151723,Hypomagnesemia,None,12
C0280631,Leiomyosarcoma of uterus,organ system cancer,13
C0023798,Lipoma,disease of cellular proliferation,22
C0085623,Akinesia,None,13
C0023794,Lipoidosis,disease of metabolism,19
C0376358,Malignant neoplasm of prostate,None,11
C0020443,Hypercholesterolemia,None,39
C0020445,"Hypercholesterolemia, Familial",None,17
C4023616,Abnormality of immune system physiology,None,16
C0040822,Tremor,None,113
C3544092,Urgency frequency syndrome,None,14
C0007370,Catalepsy,None,15
C1849937,"Short limb dwarfism, disproportionate",None,22
C0023487,Acute Promyelocytic Leukemia,None,40
C0023485,Precursor B-Cell Lymphoblastic Leukemia-Lymphoma,None,12
C1843392,Death in childhood,None,14
C0037771,"Paraparesis, Spastic",None,16
C0010346,Crohn Disease,None,44
C1846149,Progressive mental retardation,None,37
C0037772,Spastic Paraplegia,None,42
C0595939,Stillbirth,None,17
C1856749,Hypoplastic-absent toenails,None,12
C1857121,Neurodevelopmental regression,None,102
C2266639,Absence of eyebrows,None,32
C0279680,Transitional cell carcinoma of bladder,organ system cancer,17
C0393525,Progressive cerebellar ataxia,None,13
C0752347,Lewy Body Disease,None,21
C1386048,Intrauterine retardation,None,177
C3203102,Idiopathic pulmonary arterial hypertension,None,40
C4023101,Elevated luteinizing hormone,None,14
C0040485,Torticollis,None,18
C1859236,Prolonged neonatal jaundice,None,17
C1301959,Bulbar weakness,None,19
C0034150,Purpura,None,27
C1865244,Shallow orbits,None,13
C0007570,Celiac Disease,disease,30
C1842060,Prominent supraorbital ridges,None,19
C0151699,Intracranial Hemorrhages,None,15
C0266399,Infantile uterus,None,23
C0030252,Palpitations,None,18
C0149521,"Pancreatitis, Chronic",None,10
C0011168,Deglutition Disorders,None,132
C4025860,Hearing abnormality,None,12
C0041974,Urethral Stricture,None,15
C0578682,Madarosis of eyebrow,None,13
C0027819,Neuroblastoma,None,51
C0581354,Recurrent sinusitis,None,22
C0015625,Fanconi Anemia,None,22
C4280574,Problems speaking,None,37
C4024202,Reduced number of teeth,None,21
C0259817,Xerosis,None,76
C2930812,Generalized elastolysis,None,24
C0024141,"Lupus Erythematosus, Systemic",None,75
C0001807,Aggressive behavior,None,75
C0025160,Megacolon,disease,29
C3550546,Depressed nasal root/bridge,None,196
C0423112,Short palpebral fissure,None,38
C1384666,hearing impairment,None,201
C0008350,Cholelithiasis,None,20
C4082299,Bulbar palsy,None,19
C0857460,Increased number of platelets,None,14
C0038238,Steatorrhea,disease,17
C0277828,Late fontanel closure,None,28
C1862425,Prominent globes,None,97
C1849488,Increased serum pyruvate,None,14
C0267048,Glossoptosis,None,10
C0036601,Self Mutilation,None,14
C0022521,Kartagener Syndrome,None,34
C0442874,Neuropathy,None,53
C0005587,"Depression, Bipolar",None,12
C0005586,Bipolar Disorder,None,516
C4020888,Epithelial corneal erosions,None,12
C1864985,Progressive disorder,None,143
C0019322,Umbilical hernia,None,78
C1844704,Platyspondyly,None,57
C1567435,Polycystic Kidney - body part,None,18
C0005612,Birth Weight,None,14
C4025644,Hypothalamic gonadotropin-releasing hormone deficiency,None,14
C1961099,Precursor T-Cell Lymphoblastic Leukemia-Lymphoma,None,16
C0596263,Carcinogenesis,None,10
C4048268,Cortical visual impairment,None,33
C1866134,Wide anterior fontanel,None,44
C1867955,Increased incidence of hepatocellular carcinoma,None,27
C0026034,Microstomia,None,78
C4021611,Abnormality of epiphysis morphology,None,40
C1390474,Increased susceptibility to fractures,None,21
C4020747,Biopsy shows villous atrophy,None,16
C3714796,Isolated somatotropin deficiency,None,33
C1836440,Increased serum lactate,None,70
C0156273,Bladder Diverticulum,None,10
C0877056,Hypoglycaemic seizure,None,10
C0426970,Spastic Quadriplegia,None,36
C4020962,Enlarged thorax,None,18
C1836150,Gait imbalance,None,17
C4020969,Inflammatory abnormality of the eye,None,10
C0017168,Gastroesophageal reflux disease,None,80
C0575802,Small hand,None,39
C2931822,Nasopharyngeal carcinoma,None,19
C0027497,Nausea,None,17
C1854113,Prominent nasal bridge,None,57
C0027498,Nausea and vomiting,None,100
C0013595,Eczema,None,44
C0013592,Ectropion,eye and adnexa disease,21
C1854114,Short nose,None,132
C0022658,Kidney Diseases,urinary system disease,116
C1306710,Facial asymmetry,None,33
C0917990,Acro-Osteolysis,None,12
C3278923,Dilated ventricles (finding),None,124
C4049796,Abnormality of cardiovascular system morphology,None,24
C2239176,Liver carcinoma,None,244
C0206726,gliosarcoma,None,16
C0948089,Acute Coronary Syndrome,None,33
C0029927,Ovarian Cysts,None,42
C1837770,Sparse hair,None,61
C0263498,Premature canities,None,25
C1184923,Lumbar lordosis,None,36
C0009024,Clonus,None,25
C4021768,Abnormality of metabolism/homeostasis,None,136
C4021761,Morphological abnormality of the pyramidal tract,None,12
C0264142,Spade-like hand,None,16
C0576860,Narrowing of ear canal,None,13
C1838662,Metaphyseal irregularity,None,24
C0086565,Liver Dysfunction,None,99
C0016506,Foot Deformities,None,30
C2132198,Abnormal blistering of the skin,None,56
C1855996,Psychomotor regression beginning in infancy,None,102
C0011991,Diarrhea,None,118
C0085584,Encephalopathies,None,52
C0085583,Choreoathetosis,None,32
C0085581,Restrictive lung disease,None,11
C0085580,Essential Hypertension,None,21
C0023012,Language Delay,None,116
C0023015,Language Disorders,None,13
C0023014,Language Development Disorders,None,11
C0026848,Myopathy,None,111
C0041755,Adverse reaction to drug,None,61
C0033975,Psychotic Disorders,None,150
C0026847,Spinal Muscular Atrophy,disease,14
C0026846,Muscular Atrophy,None,14
C0344539,Hypoplasia of iris,None,10
C0035412,Rhabdomyosarcoma,organ system cancer,15
C0035410,Rhabdomyolysis,None,15
C0344530,Congenital keratoglobus,eye and adnexa disease,14
C0344531,Embryotoxon,None,28
C1857202,Frequent vomiting,None,19
C4280630,Pinched bridge of nose,None,17
C1857206,Laterally sparse eyebrows,None,12
C0023787,Lipodystrophy,None,17
C0009806,Constipation,disease,144
C0085636,Photophobia,None,122
C0085631,Agitation,None,16
C0085633,Mood swings,None,77
C0085632,Apathy,None,16
C1855538,Small face,None,10
C0524851,Neurodegenerative Disorders,None,79
C0027092,Myopia,eye and adnexa disease,119
C0685409,Congenital Camptodactyly,None,40
C0376634,Craniofacial Abnormalities,None,151
C0020473,Hyperlipidemia,None,35
C3463824,MYELODYSPLASTIC SYNDROME,None,36
C0694563,Excessive daytime somnolence,None,14
C2677328,Brain hypomyelination,None,11
C0850703,Frequent falls,None,12
C1449861,"Micronuclei, Chromosome-Defective",None,22
C3887875,Visual field defects,None,19
C0009241,Cognition Disorders,None,30
C0023493,Adult T-Cell Lymphoma/Leukemia,None,31
C0266011,Accessory nipple,None,11
C0266013,Congenital hypoplasia of breast,None,25
C0006413,Burkitt Lymphoma,None,15
C0578038,Thin lips,None,49
C0030469,Paranasal Sinus Diseases,None,34
C0021655,Insulin Resistance,None,72
C3150077,"Short stature, mild",None,13
C0011570,Mental Depression,None,260
C0085129,Bronchial Hyperreactivity,None,12
C1862939,AMYOTROPHIC LATERAL SCLEROSIS 1,None,49
C0007095,Carcinoid Tumor,None,24
C1839758,Narrow forehead,None,37
C0231528,Myalgia,None,58
C1843700,Variation in muscle fiber size,None,16
C2677869,Hair shaft abnormalities,None,31
C2364082,Sense of smell impaired,None,21
C1138421,Spider Veins,None,17
C1876165,Copper-Overload Cirrhosis,None,11
C0000786,Spontaneous abortion,None,114
C1442988,Rudimentary vagina,None,14
C0427546,Atypical lymphocyte observed,None,11
C0497327,Dementia,None,80
C0266122,Cleft uvula,None,27
C0265610,Congenital clinodactyly,None,60
C0750857,Alkaline phosphatase serum increased,None,29
C0001925,Albuminuria,None,25
C4024878,Generalized hyperpigmentation,None,22
C4025871,Abnormality of the face,None,10
C0011175,Dehydration,None,40
C0040588,Tracheoesophageal Fistula,None,37
C0020302,Hydrophthalmos,eye and adnexa disease,19
C0007787,Transient Ischemic Attack,None,10
C0007786,Brain Ischemia,disease,92
C0007785,Cerebral Infarction,disease,10
C0007789,Cerebral Palsy,disease,15
C0020651,"Hypotension, Orthostatic",None,18
C0003864,Arthritis,None,53
C1849121,Thin face,None,54
C0162285,Edema of eyelid,None,10
C1969913,"Hyperkeratosis, generalized",None,14
C0236736,Cocaine-Related Disorders,None,108
C0236733,Amphetamine-Related Disorders,None,75
C0338656,Impaired cognition,None,104
C2711227,Steatohepatitis,None,44
C0338474,Central nervous system demyelination,None,28
C0339789,Congenital deafness,None,186
C0575071,Gowers sign present,None,24
C0221263,Cafe-au-Lait Spots,None,37
C0221260,Dystrophia unguium,None,54
C0008325,Cholecystitis,None,12
C1866231,Full cheeks,None,50
C1866234,Protruding lower lip,None,54
C4022996,Abnormal sex determination,None,11
C4022995,Sex reversal,None,10
C0576093,Knee joint valgus deformity,None,56
C0005138,Berylliosis,None,11
C0541764,Delayed bone age,None,136
C4025252,Abnormal nasal morphology,None,16
C0751466,Phonophobia,None,11
C0235991,Small for gestational age (disorder),None,69
C0022821,Kyphosis deformity of spine,None,117
C0235996,Hepatic enzyme increased,None,81
C0019214,Hepatosplenomegaly,None,22
C0423867,Fine hair,None,43
C0920299,Overriding toe,None,10
C4025650,Abnormality of lipid metabolism,None,12
C1328931,Multiple lentigines,None,10
C4280640,Retrusion of upper jaw bones,None,66
C0027796,Neuralgia,None,14
C0027794,Neural Tube Defects,None,31
C2673410,Small midface,None,105
C0008031,Chest Pain,None,38
C1836830,Developmental regression,None,102
C0014877,Esotropia,None,19
C1271100,Lower limb spasticity,None,10
C0685891,Congenital hypoplasia of thymus,None,15
C1849340,Long palpebral fissure,None,17
C1846821,Coagulation abnormalities,None,28
C0752166,Bardet-Biedl Syndrome,None,22
C0011334,Dental caries,None,74
C0014474,Ependymoma,None,15
C0334092,Hamartomatous polyp,None,10
C4280320,Hypotrophic midface,None,105
C4280321,Decreased projection of midface,None,105
C0025202,melanoma,cell type cancer,215
C0426848,Sacral dimples,None,18
C4021972,Urogenital sinus anomaly,None,15
C1850776,Rapidly progressive disorder,None,27
C4021976,Abnormality of the lymphatic system,None,14
C0426817,Short ribs,None,30
C1865027,Hypoplastic iliac wing,None,19
C0032285,Pneumonia,None,89
C1836940,Excess nuchal skin,None,30
C4048798,"Night blindness, congenital stationary, complete",None,10
C0033805,Pseudohypoaldosteronism,None,12
C0521525,Short neck,None,142
C0002418,Amblyopia,eye and adnexa disease,19
C0522214,Abnormal visual evoked potential,None,26
C4083076,Increased head circumference,None,147
C1850493,"Psychomotor regression, progressive",None,102
C0002896,Sideroblastic anemia,disease,12
C0263537,Onychogryposis,None,13
C1856963,Fragile nails,None,16
C1836542,Depressed nasal bridge,None,196
C1836543,Thick vermilion border,None,25
C0012236,DiGeorge Syndrome,None,12
C0206733,Strawberry nevus of skin,None,10
C0345030,Peripheral pulmonary artery stenosis,None,14
C0041696,Unipolar Depression,None,256
C1837760,Prominent eyes,None,97
C0268731,Renal glomerular disease,None,15
C0855740,Abnormal platelet function,None,12
C0158734,Polydactyly of toes,None,12
C0158731,Congenital pectus carinatum,None,53
C0018979,Hemianopsia,None,25
C0158733,Hand polydactyly,None,11
C0240340,Microdontia (disorder),None,59
C0265974,Birthmark,None,35
C4021797,Abnormality of the thorax,None,19
C0017178,Gastrointestinal Diseases,None,12
C0151529,Bleeding time prolonged,None,31
C0151526,Premature Birth,None,76
C4022018,Telangiectasia of the skin,None,40
C0948896,Primary hypogonadism,None,36
C0011616,Contact Dermatitis,disease,71
C1851731,Generalized overgrowth,None,17
C0011615,"Dermatitis, Atopic",disease,37
C0035579,Rickets,None,17
C3277059,Congenital Bilateral Cataracts,None,59
C0018800,Cardiomegaly,None,115
C0018801,Heart failure,heart disease,169
C0018802,Congestive heart failure,heart disease,76
C0026838,Muscle Spasticity,None,200
C0026837,Muscle Rigidity,None,49
C0241181,Fragile skin,None,18
C0009324,Ulcerative Colitis,None,60
C1856438,Hypoketotic hypoglycemia,None,11
C0271578,Female hypogonadism syndrome,None,18
C1858729,Decreased motor NCV,None,22
C0031256,Petechiae,None,13
C0034372,Quadriplegia,None,10
C0376628,Chromosome Breakage,None,32
C3854388,Hyperferritinaemia,None,14
C1865572,Proximally placed thumbs,None,17
C3279222,Cerebellar hypoplasia and atrophy,None,50
C0003123,Anorexia,None,49
C2749675,Cortical gyral simplification,None,19
C0003126,Anosmia,None,22
C1839326,Abnormally-shaped vertebrae,None,31
C0409354,Flexion contracture of hip,None,10
C0023467,"Leukemia, Myelocytic, Acute",None,122
C1858430,Death in infancy,None,82
C3714497,Reactive airway disease,None,21
C1565489,Renal Insufficiency,None,87
C1167918,CSF lactate increased,None,33
C0264886,Conduction disorder of the heart,None,82
C0007134,Renal Cell Carcinoma,organ system cancer,141
C1857108,Decreased joint mobility,None,53
C0007137,Squamous cell carcinoma,disease of cellular proliferation,120
C0007131,Non-Small Cell Lung Carcinoma,cell type cancer,111
C0677050,Manganese Poisoning,None,11
C0242698,"Ventricular Dysfunction, Left",None,19
C0243050,Cardiovascular Abnormalities,None,31
C0007138,"Carcinoma, Transitional Cell",disease of cellular proliferation,33
C0751883,"Congenital Myasthenic Syndromes, Postsynaptic",None,11
C4072821,"Large, late-closing fontanelle",None,47
C0020796,Profound Mental Retardation,None,31
C0085159,Seasonal Affective Disorder,None,16
C0039621,Tetany,None,18
C0740279,Atrophy of cerebellum,None,103
C0029172,Oral Submucous Fibrosis,None,16
C0027947,Neutropenia,None,13
C4072825,Thickened facial skin with coarse facial features,None,109
C0266483,Pachygyria,None,41
C3665596,Warts,None,10
C0497202,Abnormal ocular motility,None,19
C0007222,Cardiovascular Diseases,None,59
C1856266,Coronal craniosynostosis,None,14
C0242184,Hypoxia,None,33
C0010964,Dandy-Walker Syndrome,None,31
C0687120,Nephronophthisis,None,18
C0239946,"Fibrosis, Liver",None,32
C0037822,Speech Disorders,None,59
C0009918,Contracture of joint,None,93
C1333990,Hereditary Nonpolyposis Colorectal Cancer,None,11
C0010495,Cutis Laxa,disease,24
C0748140,Multiple pulmonary infections,None,29
C0566899,Small labia majora,None,16
C0024305,"Lymphoma, Non-Hodgkin",None,23
C0024301,"Lymphoma, Follicular",None,19
C0023518,Leukocytosis,None,13
C0744356,genital abnormal,None,17
C0277799,Intermittent fever,None,15
C0745730,Multiple lipomata,None,15
C0870082,Hyperkeratosis,None,45
C1842083,Abnormality of the ribs,None,32
C0423250,Corneal stromal opacities,None,33
C1854912,Short tubular bones,None,23
C0876973,Infectious disease of lung,None,29
C1853242,Midface retrusion,None,105
C1854919,Severe psychomotor retardation,None,47
C1853241,Flat face,None,52
C1853246,Everted lower lip vermilion,None,54
C1846347,Renal salt wasting,None,18
C1849134,Decreased lower limb vibratory sense,None,13
C0751401,Ophthalmoparesis,None,11
C0025149,Medulloblastoma,None,52
C0376545,Hematologic Neoplasms,None,22
C0750937,"Ataxia, Appendicular",None,25
C4280614,Angle class 2 malocclusion,None,57
C4025790,Specific learning disability,None,51
C1861866,Hypoplasia or absence of the corpus callosum,None,23
C1861869,Underdeveloped supraorbital ridges,None,38
C0020305,Hydrops Fetalis,None,22
C1398312,Narrow palate,None,20
C0152191,"Scotoma, Central",None,21
C0151691,High density lipoprotein decreased,None,10
C0024636,Malocclusion,None,57
C1853487,Bushy eyebrows,None,49
C0281966,reproductive system abnormality,None,17
C0018213,Graves Disease,None,14
C0010036,Corneal dystrophy,eye and adnexa disease,13
C0010038,Corneal Opacity,None,53
C0037221,Situs Inversus,None,18
C0553692,Brain hemorrhage,None,14
C0025323,Menorrhagia,None,17
C0025322,Premature Menopause,None,24
C4072826,Skin tag on the posterior cheek,None,19
C0004238,Atrial Fibrillation,heart disease,38
C0019189,"Hepatitis, Chronic",None,23
C0154835,Retinal telangiectasia,eye disease,11
C0021359,Infertility,None,33
C1844505,Pointed chin,None,33
C3275417,Ragged-red fibers,None,33
C0162835,Hypopigmentation disorder,None,25
C0162834,Hyperpigmentation,None,36
C0027540,Necrosis,None,53
C1858573,Sparse pubic hair,None,31
C0026010,Microphthalmos,eye and adnexa disease,100
C0271215,"Blindness, Legal",None,110
C1842820,Cardiac conduction abnormalities,None,81
C0013604,Edema,None,69
C0005944,Metabolic Bone Disorder,None,11
C0005941,"Bone Diseases, Developmental",None,26
C0042514,"Tachycardia, Ventricular",None,24
C1840069,Sandal gap,None,24
C0042510,Ventricular Fibrillation,None,16
C4280333,Recurrent sinus disease,None,22
C0683322,Mental impairment,None,103
C1865017,Thin upper lip vermilion,None,70
C1865014,Long philtrum,None,137
C0037293,Skin tag,disease,10
C1456784,Paranoia,None,20
C0522224,Paralysed,None,42
C0426891,Broad thumbs,None,28
C1848178,Female external genitalia in males,None,13
C0553982,Impaired left ventricular function,None,16
C0553980,Endomyocardial Fibrosis,None,10
C0239234,Low set ears,None,181
C0263523,Micronychia (disorder),None,24
C0002880,Autoimmune hemolytic anemia,None,15
C0002886,"Anemia, Macrocytic",disease,18
C0022679,Cystic kidney,urinary system disease,30
C0002888,"Anemia, Megaloblastic",disease,16
C0746674,Generalized muscle weakness,None,57
C1836003,Facial diplegia,None,10
C1836550,Loss of developmental milestones,None,102
C1961102,Precursor Cell Lymphoblastic Leukemia Lymphoma,None,45
C0232940,Secondary physiologic amenorrhea,None,23
C0018965,Hematuria,None,36
C1840379,Cerebellar vermis hypoplasia,None,24
C0265965,Dyskeratosis Congenita,disease,12
C0424810,Periorbital swelling,None,13
C4021782,Abnormality of the fingernails,None,52
C4021780,Abnormality of the liver,None,21
C1280433,Lipoatrophy,None,19
C4021786,Atypical scarring of skin,None,62
C4021785,Abnormality of the metacarpal bones,None,17
C0521620,Dilatation of ureter,None,15
C0011581,Depressive disorder,None,414
C0027765,nervous system disorder,None,53
C1306122,Oguchi disease,eye disease,10
C1860844,"Thin, sparse hair",None,61
C0022665,Kidney Neoplasm,urinary system disease,29
C0013132,Drooling,None,27
C0086543,Cataract,None,240
C4021975,Abnormality of the tonsils,None,10
C0151889,Hyperreflexia,None,209
C0011606,Exfoliative dermatitis,None,25
C0011609,Drug Eruptions,None,18
C3203358,Hypoventilation,None,11
C0033941,"Psychoses, Substance-Induced",None,17
C0018818,Ventricular Septal Defects,heart disease,120
C0162671,MELAS Syndrome,None,18
C0018817,Atrial Septal Defects,heart disease,86
C0018816,Heart Septal Defects,heart disease,25
C1855081,"MICROCEPHALY, PRIMARY AUTOSOMAL RECESSIVE, 1",None,16
C0006142,Malignant neoplasm of breast,None,15
C0009319,Colitis,disease,31
C3887524,Skin Erosion,None,12
C0392476,Epiphyseal dysplasia,None,14
C0026826,Muscle Hypertonia,None,88
C0026821,Muscle Cramp,None,56
C3665347,Visual Impairment,None,175
C0700208,Acquired scoliosis,None,286
C3665349,Secondary hypothyroidism,None,14
C0031900,Pierre Robin Syndrome,disease,12
C1720887,Female Urogenital Diseases,None,18
C0427149,"Gait, Drop Foot",None,24
C0268079,Hyperphosphaturia,None,21
C1834405,Nail dysplasia,None,52
C0432333,Abnormal dermatoglyphic pattern,None,24
C1864696,Distal limb muscle weakness due to peripheral neuropathy,None,62
C0003119,Anophthalmos,None,13
C1389113,Generalized amyotrophy,None,20
C0476254,Dyslexia,None,16
C0023473,"Myeloid Leukemia, Chronic",None,23
C0235063,Respiratory Depression,None,13
C0023470,Myeloid Leukemia,None,17
C0431483,Simple ear,None,41
C0265563,Congenital dislocation of radial head,None,14
C4020899,Autosomal recessive predisposition,None,1445
C1849075,Relative macrocephaly,None,12
C0409348,Flexion contracture of proximal interphalangeal joint,None,75
C0016522,"Foramen Ovale, Patent",heart disease,10
C3551535,"Mitral regurgitation, mild",None,32
C0542519,Congenital absence of kidney,None,31
C0007120,Bronchioloalveolar Adenocarcinoma,cell type cancer,14
C0243026,Sepsis,None,21
C0234629,Abnormal color vision,None,31
C0542514,Blue sclera,None,33
C0266039,Taurodontism,None,15
C1835047,"MELANOMA, CUTANEOUS MALIGNANT, 1",None,15
C2674432,Decreased bone mineral density Z score,None,31
C2242472,Infection of bone,None,17
C3160718,"PARKINSON DISEASE, LATE-ONSET",None,14
C0858867,Reticulocytopenia,None,10
C0020458,Hyperhidrosis disorder,None,83
C0745103,Hyperlipoproteinemia Type IIa,None,11
C0020459,Hyperinsulinism,disease of metabolism,87
C0302501,Mandibular hyperplasia,None,78
C0015371,Extrapyramidal Disorders,None,29
C0267456,Villous atrophy of intestine,None,16
C0028754,Obesity,disease,275
C1855685,Extinguished electroretinogram,None,15
C0037036,Sialorrhea,None,28
C0431659,Hypoplasia of scrotum,None,24
C1136179,Hammer Toe,None,23
C4024780,Almond-shaped eyes,None,26
C0162119,Hemoglobin low,None,127
C0030044,Acrocephaly,None,12
C4024890,Excessive wrinkled skin,None,16
C0427055,Facial Paresis,None,59
C0024312,Lymphopenia,None,40
C1956257,Pulmonary Stenosis,None,45
C1843479,"Neurogenic muscle atrophy, especially in the lower limbs",None,140
C0581381,Recurrent upper respiratory tract infection,None,21
C1857486,"Low-set, posteriorly rotated ears",None,112
C0266589,Congenital ear anomaly NOS (disorder),None,30
C0024530,Malaria,None,16
C0423110,Downward slant of palpebral fissure,None,159
C1858285,Decreased number of large and small myelinated fibers,None,20
C0423113,Telecanthus,None,62
C1854928,Protuberant abdomen,None,16
C0036454,Scotoma,None,12
C0010606,Adenoid Cystic Carcinoma,organ system cancer,100
C0349588,Short stature,None,545
C0023264,Leigh Disease,disease of metabolism,36
C0266619,Potter's facies,None,10
C0575059,Spastic tetraparesis,None,12
C4025787,Skull defect,None,10
C3808377,"CATARACT 16, MULTIPLE TYPES",None,15
C0240635,Byzanthine arch palate,None,195
C0221204,Lytic lesion,None,32
C1800706,Idiopathic Pulmonary Fibrosis,None,15
C0233715,Speech impairment,None,116
C0206620,"Lymphangioma, Cystic",disease of cellular proliferation,21
C0036857,Severe mental retardation (I.Q. 20-34),None,99
C0240912,Vertical Talus,None,25
C0221209,Pelvic kidney,None,10
C0522055,Electrocardiogram abnormal,None,84
C0520966,Abnormal coordination,None,15
C0553730,Calcium pyrophosphate deposition disease,None,13
C0019284,Diaphragmatic Hernia,None,41
C0282612,Prostatic Intraepithelial Neoplasias,None,11
C4280637,Hypertrophy of supraorbital margins,None,19
C0747085,Recurrent otitis media,None,42
C4280639,Hyperplasia of supraorbital margins,None,19
C1849211,Generalized hirsutism,None,36
C0018777,Conductive hearing loss,None,123
C0018772,"Hearing Loss, Partial",None,186
C0008780,Ciliary Motility Disorders,None,38
C0010043,Corneal Ulcer,eye disease,15
C0742906,C-reactive protein increased,None,15
C0236663,Alcohol withdrawal syndrome,None,12
C0019196,Hepatitis C,None,15
C0178417,Anhedonia,None,27
C0015672,Fatigue,None,192
C2931456,"Prostate cancer, familial",None,13
C4280456,Dysplasia of tooth enamel,None,35
C4280457,Defective enamel matrix,None,35
C0426429,Broad nasal tip,None,28
C0162809,Kallmann Syndrome,None,20
C0238288,"Muscular Dystrophy, Facioscapulohumeral",None,13
C0426422,Narrow nose,None,23
C0426421,Wide nose,None,35
C1263857,Peripheral axonal neuropathy,None,18
C0020255,Hydrocephalus,None,113
C0239137,Coxa valga,None,22
C4020777,Underdeveloped brows,None,38
C0349204,Nonorganic psychosis,None,84
C0376175,Bell Palsy,None,58
C1849367,Nasal bridge wide,None,237
C1832117,Short upper arms,None,16
C1846803,Small epiphyses,None,10
C0239138,Hip joint varus deformity - observation,None,24
C0025261,Memory Disorders,None,40
C0395837,Stenosis of external auditory canal,None,13
C1866210,"Highly variable phenotype, even within families",None,152
C4021956,Aplasia/Hypoplasia of the eyebrow,None,32
C0013386,"Dyskinesia, Drug-Induced",None,15
C0013384,Dyskinetic syndrome,None,16
C1858120,Generalized hypotonia,None,40
C1858127,Limb-girdle muscle weakness,None,12
C0426886,Tapering fingers (finding),None,25
C1848765,Sparse/absent eyebrows,None,32
C3536741,Discordant ventriculoarterial connection,None,17
C0015923,Fetal Alcohol Syndrome,None,15
C0238669,Aortic root dilatation,None,11
C0917796,"Optic Atrophy, Hereditary, Leber",None,15
C4021550,Elevated follicle stimulating hormone,None,15
C4021551,Absence of secondary sex characteristics,None,22
C3553764,Joint hyperflexibility,None,78
C1859461,Femoral bowing,None,20
C0917798,Cerebral Ischemia,None,32
C0022661,"Kidney Failure, Chronic",None,45
C0334634,"Malignant lymphoma, lymphocytic, intermediate differentiation, diffuse",None,13
C0014038,Encephalitis,disease,11
C3806482,Recurrent respiratory infections,None,146
C0018553,"Hamartoma Syndrome, Multiple",None,10
C1385263,facial deformity,None,48
C0017601,Glaucoma,eye and adnexa disease,120
C1833999,Pigmentary retinal degeneration,None,11
C0878575,Peripheral demyelination,None,16
C0684276,Hypsarrhythmia,None,25
C0022116,Ischemia,None,28
C1833225,Dystrophic toenail changes,None,12
C0520743,Mediastinal lymphadenopathy,None,11
C0040128,Thyroid Diseases,None,24
C1389280,Basal ganglia calcification,None,16
C3278401,Hair hypopigmentation,None,12
C0024121,Lung Neoplasms,None,213
C1857949,Prominent metopic ridge,None,15
C0086795,Pfaundler-Hurler Syndrome,None,12
C0264172,Barrel chest,None,12
C0005745,Blepharoptosis,eye and adnexa disease,238
C0151878,Prolonged QT interval,None,17
C0541794,Skeletal muscle atrophy,None,140
C4020958,Rough bone trabeculation,None,12
C0031099,Periodontitis,None,23
C0031090,Periodontal Diseases,None,21
C0018824,Heart valve disease,heart disease,36
C1855728,Low posterior hairline,None,52
C1848570,"Large, floppy ears",None,87
C0006157,Breech Presentation,None,10
C0026764,Multiple Myeloma,None,33
C0476403,Electromyogram abnormal,None,59
C0026769,Multiple Sclerosis,None,42
C0600467,Neurogenic Inflammation,None,12
C0031117,Peripheral Neuropathy,None,134
C0162820,"Dermatitis, Allergic Contact",None,66
C2931673,"Ceroid lipofuscinosis, neuronal 1, infantile",None,10
C0231712,Waddling gait,None,34
C1850135,Splayed metaphyses,None,20
C0023882,Little's Disease,None,14
C1522137,Hypertriglyceridemia result,None,37
C0917805,Transient Cerebral Ischemia,None,12
C0020649,Hypotension,None,82
C0917801,Sleeplessness,None,16
C0271650,Impaired glucose tolerance,disease of metabolism,29
C4022588,Fatigable weakness of swallowing muscles,None,28
C0597167,Islets of Langerhans hyperplasia,None,11
C0023890,Liver Cirrhosis,None,139
C1866862,Highly variable severity,None,166
C0525045,Mood Disorders,None,187
C1298695,Hypoplasia of optic disc,None,12
C0240543,Bulbous nose,None,48
C0234632,Reduced visual acuity,None,63
C4024665,High-grade hypermetropia,None,26
C1167713,Corneal diameter decreased,None,47
C0345309,Hypoplasia of vagina,None,14
C0702166,Acne,disease,34
C1834055,Thin hypoplastic alae nasi,None,51
C0476273,Respiratory distress,None,43
C0544820,Hypomyelination,None,17
C0027960,Nevus,None,19
C0020534,Orbital separation excessive,None,246
C0020538,Hypertensive disease,None,303
C0235659,Reduced fetal movement,None,55
C1839764,Broad flat nasal bridge,None,237
C3551430,Sparse or absent eyebrows,None,32
C4023786,Elevated levels of phytanic acid,None,15
C0037932,Curvature of spine,None,287
C0270685,Cerebral calcification,None,50
C0030293,Pancreatic Insufficiency,None,13
C0030297,Pancreatic Neoplasm,organ system cancer,88
C1849020,Short metatarsal,None,21
C4011556,Eyebrow abnormalities,None,12
C1835581,Large protruding ears,None,87
C0542476,Forgetful,None,47
C1145628,Autonomic nervous system disorders,None,19
C2749463,Radial aplasia/hypoplasia,None,29
C4024737,Aplasia/Hypoplasia of the skin,None,17
C0595929,Serum cholesterol raised,None,22
C0020626,Hypoparathyroidism,None,17
C0020625,Hyponatremia,None,24
C3809811,"PARKINSON DISEASE 19, JUVENILE-ONSET",None,10
C0424551,Impaired exercise tolerance,None,43
C0268362,Osteogenesis imperfecta type III (disorder),None,11
C0020621,Hypokalemia,None,33
C0020620,Hypohidrosis,None,25
C0554972,Large auricle,None,87
C3551052,"Night blindness, stationary",None,10
C0554970,Pallor of optic disc,None,39
C0023532,"Leukoplakia, Oral",None,21
C0007117,Basal cell carcinoma,None,52
C0023530,Leukopenia,None,37
C0423109,Upward slant of palpebral fissure,None,75
C1321884,Atresia of vagina,None,10
C0424731,Single transverse palmar crease,None,29
C1720508,Retinal pigment epithelial abnormality,None,113
C0456070,Growth delay,None,114
C0019569,Hirschsprung Disease,None,40
C1835473,Diaphyseal thickening,None,12
C1862761,Increased hepatocellular carcinoma risk,None,27
C0237653,Immunologic Hypersensitivity,None,11
C0563243,Poor coordination,None,11
C0221217,Neck webbing,None,35
C0024437,Macular degeneration,eye disease,16
C0279628,Adenocarcinoma Of Esophagus,organ system cancer,14
C1843687,"ATRIAL FIBRILLATION, FAMILIAL, 1 (disorder)",None,22
C0024433,Macrostomia,None,73
C0221210,Congenital malrotation of intestine,None,16
C0020757,Ichthyoses,None,41
C0279626,Squamous cell carcinoma of esophagus,organ system cancer,80
C4280623,Rotting teeth,None,74
C4280627,Failure of development of eyelashes,None,16
C4280626,Aplasia of eyelashes,None,16
C4280625,Decreased size of eyeball,None,97
C1842153,Irregular vertebral endplates,None,16
C0747078,Generalized osteopenia,None,99
C4280629,Hyperplasia of nose,None,23
C4280628,Malformation of the neck,None,19
C0038271,Stereotyped Behavior,None,38
C0038273,Stereotypic Movement Disorder,None,40
C0024591,Malignant hyperpyrexia due to anesthesia,None,10
C1859896,Progressive macrocephaly,None,18
C0015397,Disorder of eye,eye and adnexa disease,22
C0751778,"Myoclonic Epilepsies, Progressive",None,49
C0743359,ear infection chronic,None,52
C0241178,Velvety skin,None,17
C0019163,Hepatitis B,None,12
C0162323,Polyarthritis,None,11
C4280538,Curvature of little finger,None,110
C4280533,Decreased calcification of skull,None,10
C4280532,Decreased width of the skull,None,28
C0426414,Small nose,None,132
C0426415,Large nose,None,23
C1867446,Bulging forehead,None,67
C1263846,Attention deficit hyperactivity disorder,None,116
C0004763,Barrett Esophagus,None,15
C0239105,Conjunctival telangiectasis,None,14
C4020878,Diffusely thickened skin,None,21
C1842003,Subclinical abnormal liver function tests,None,81
C4021977,Visceral angiomatosis,None,13
C0024299,Lymphoma,None,47
C0008311,Cholangitis,None,10
C0008312,Primary biliary cirrhosis,None,15
C0028960,Oligospermia,None,16
C0027697,Nephritis,urinary system disease,17
C1861063,"TOBACCO ADDICTION, SUSCEPTIBILITY TO (finding)",None,12
C0004096,Asthma,None,99
C4020871,Dystonic disease,None,106
C0454644,Delayed speech and language development,None,116
C0015934,Fetal Growth Retardation,None,186
C4048273,Chorioretinal atrophy,None,11
C4048270,Decreased antibody level in blood,None,35
C4021546,Abnormal mitochondria in muscle tissue,None,20
C4020898,Overactive bladder syndrome,None,14
C0993582,"Arthritis, Experimental",None,40
C1837514,Phenotypic variability,None,152
C4020897,Uroureter,None,15
C4020891,Pinched nasal bridge,None,17
C4020892,Capuchin ears,None,17
C0836924,Thrombocytosis,None,14
C0032617,Polyuria,None,23
C0266544,Microcornea,None,47
C1317785,Tooth size discrepancy,None,45
C1833058,Small intestine biopsy shows villous atrophy,None,16
C4280636,Hypertrophy of supraorbital ridge,None,19
C0262361,abnormal growth,None,35
C0017636,Glioblastoma,None,77
C0013575,Ectodermal Dysplasia,None,13
C1837731,Overfolded helix,None,24
C1837732,Thickened helices,None,15
C1847514,Postnatal microcephaly,None,24
C0545053,Advanced bone age,None,36
C0017638,Glioma,cell type cancer,78
C0017639,Gliosis,None,56
C0240379,Open mouth,None,45
C0013080,Down Syndrome,None,15
C0002514,"Amino Acid Metabolism, Inborn Errors",disease of metabolism,13
C0342491,Small adrenal gland,None,12
C0040136,Thyroid Neoplasm,None,37
C0028768,Obsessive-Compulsive Disorder,disease,32
C1840087,Radial ray hypoplasia,None,23
C0027746,Nerve Degeneration,None,120
C1838993,Episodic vomiting,None,19
C1837352,Childhood onset,None,39
C3839753,Abnormality of nail of toe,None,11
C0746926,"Multiple, subcutaneous nodules",None,54
C0013405,"Dyspnea, Paroxysmal",None,13
C0013404,Dyspnea,None,70
C4280638,Hyperplasia of supraorbital ridge,None,19
C0151311,Cranial nerve palsies,None,11
C0151313,Sensory neuropathy,None,20
C0566620,Nasal voice,None,42
C0018834,Heartburn,None,76
C1855710,Bone marrow hypocellularity,None,21
C3278509,Spinal fusion,None,25
C1845847,Coarse facial features,None,109
C0042164,Uveitis,eye and adnexa disease,13
C1839972,Increased IgM levels,None,16
C0241157,pustule,None,10
C1858719,Facial muscle weakness of muscles innervated by CN VII,None,58
C4022020,Mucosal telangiectasiae,None,14
C0700590,Increased sweating,None,83
C0344312,White forelock,None,12
C0344315,Depressed mood,None,17
C0242339,Dyslipidemias,None,30
C0432355,Hypoplasia of nipple,None,16
C0020437,Hypercalcemia,disease,36
C0158113,Contracture of joint of hand,None,30
C3665386,Abnormal vision,None,53
C1458140,Bleeding tendency,None,37
C0020438,Hypercalciuria,None,27
C0270846,Epileptic drop attack,None,11
C0041667,Underweight,None,17
C3887611,Restlessness,None,14
C0392525,Nephrolithiasis,None,32
C0678222,Breast Carcinoma,organ system cancer,26
C2748958,Increased susceptibility to bacterial infections,None,42
C0023186,Learning Disorders,None,29
C0271183,Severe myopia,None,22
C0270853,"Myoclonic Epilepsy, Juvenile",disease,10
C0270850,Idiopathic generalized epilepsy,None,11
C1621895,Adrenal hyperplasia,None,13
C0085762,Alcohol abuse,None,44
C0278124,Absent tendon reflex,None,93
C0020507,Hyperplasia,None,26
C0040433,Tooth Crowding,None,45
C0020502,Hyperparathyroidism,None,12
C0039070,Syncope,None,23
C1112256,Peripheral sensorimotor neuropathy,None,16
C0039075,Syndactyly,None,42
C3551426,Dystrophic fingernails,None,18
C0016382,Flushing,None,60
C0270921,Axonal neuropathy,None,18
C0917816,Mental deficiency,None,649
C0546969,"Preauricular Fistulae, Congenital",None,28
C1839025,Decreased amplitudes on flash visual electroretinogram,None,13
C0546967,Posterior embryotoxon,None,28
C0036508,Seborrheic dermatitis,disease,13
C0266470,Cerebellar Hypoplasia,None,62
C0546964,Genu recurvatum,None,12
C0034013,Precocious Puberty,None,27
C0034012,Delayed Puberty,None,97
C0338502,Hypoplasia of the optic nerve,None,17
C0338503,Septo-Optic Dysplasia,None,11
C0031511,Pheochromocytoma,None,18
C1336708,Testicular Germ Cell Tumor,None,14
C0020619,Hypogonadism,None,124
C0432073,Defect of skull ossification,None,10
C2936346,22q11 Deletion Syndrome,None,10
C0020617,Hypoglycemic coma,None,10
C0020615,Hypoglycemia,disease of metabolism,99
C0023520,Leukodystrophy,None,32
C0431890,Hypoplasia of thumb,None,26
C0241442,Protrusion of tongue,None,11
C2700617,Irritation - emotion,None,68
C0266052,Precocious exfoliation of primary tooth,None,11
C0007102,Malignant tumor of colon,None,16
C0004153,Atherosclerosis,None,59
C1845447,Cupped ears (finding),None,17
C1845112,Hyperkyphosis,None,114
C0004158,Athetosis,None,16
C0341787,Bifid scrotum,None,16
C0920163,Idiopathic thrombocytopenia,None,22
C1832603,EKG abnormalities,None,81
C0424585,Tires quickly,None,18
C0019572,Hirsutism,None,47
C0024421,Macroglossia,None,67
C0027962,Melanocytic nevus,None,43
C4230640,Convex nasal bridge,None,57
C1853383,Tented mouth,None,19
C0042384,Vasculitis,None,23
C4280617,Tooth mass arch size discrepancy,None,45
C4025749,Abnormality of the spleen,None,13
C4280615,Defective tooth enamel,None,31
C0015230,Exanthema,disease,42
C4280613,Angle class 3 malocclusion,None,57
C4280611,Decreased size of teeth,None,62
C0005779,Blood Coagulation Disorders,None,43
C1858395,Tubular atrophy,None,10
C4280618,Inadequate arch length for tooth size,None,45
C4280619,Missing more than six teeth,None,22
C1704317,Leukokeratosis,None,20
C0520679,"Sleep Apnea, Obstructive",disease,10
C0677776,Hereditary Breast and Ovarian Cancer Syndrome,None,14
C0037274,Dermatologic disorders,disease,94
C0423820,Ridged nails,None,15
C0021368,Inflammation,None,114
C0021364,Male infertility,None,69
C0021361,Female infertility,None,29
C1857640,Decreased nerve conduction velocity,None,42
C4280663,Increased size of cranium,None,147
C0152031,Joint swelling,None,26
C0002994,Angioedema,disease,10
C4021790,Abnormality of the skeletal system,None,11
C1955869,Malformations of Cortical Development,None,12
C1839767,Inverted V-shaped upper lip,None,19
C0008073,Developmental Disabilities,None,22
C0042487,Venous Thrombosis,None,46
C4021792,Abnormality of the clavicle,None,14
C0238463,Papillary thyroid carcinoma,organ system cancer,33
C0036095,Salivary Gland Neoplasms,None,46
C0456132,Large fontanelle,None,47
C1850189,Large pinnae,None,87
C3806554,Dysseborrheic dermatitis,None,13
C1849300,Widely patent fontanels and sutures,None,12
C1457883,Aggressive reaction,None,75
C0751617,Semilobar Holoprosencephaly,None,14
C0748318,Progressive renal failure,None,13
C0524620,Metabolic Syndrome X,None,20
C1960469,Left ventricular noncompaction,None,14
C0008677,"Bronchitis, Chronic",None,12
C1398325,Absent auditory canals,None,23
C0239594,Short finger,None,18
C0013362,Dysarthria,None,192
C0013363,Dysautonomia,None,20
C0033375,Prolactinoma,None,10
C0005424,Biliary Tract Diseases,None,16
C3151520,Early severe fetal akinesia sequence,None,11
C0266295,Congenital hypoplasia of kidney,None,32
C0033687,Proteinuria,urinary system disease,124
C1859447,Hypoplastic ischia,None,11
C0013581,Ectopia Lentis,disease,17
C0018920,"Hemangioma, Cavernous",None,20
C0001430,Adenoma,disease of cellular proliferation,32
C4020887,Photodysphoria,None,122
C4020886,Defective or absent horizontal voluntary eye movements,None,25
C4020885,Difficulties with night vision,None,88
C4020884,Anxiety disease,None,120
C1867873,Failure to thrive in infancy,None,35
C0728829,Congenital pes cavus,None,88
C0018536,Hallux Valgus,None,26
C0262374,Stricture of anus,None,13
C0018021,Goiter,None,18
C1850573,Slender build,None,14
C1836635,Loeys-Dietz Aortic Aneurysm Syndrome,None,13
C1840305,Absent external auditory canals,None,23
C0332615,Myopathic facies,None,13
C0038220,Status Epilepticus,None,83
C0263401,Cutis marmorata,None,32
C0085576,Iron-Refractory Iron Deficiency Anemia,disease,16
C1837658,Gross motor development delay,None,21
C0231807,Dyspnea on exertion,None,24
C0016663,Pathological fracture,None,20
C1859678,Mental deterioration in childhood,None,102
C0018843,Heat Stroke,None,13
C0013182,Drug Allergy,None,35
C4022012,Death in early adulthood,None,31
C0009676,Confusion,None,22
C0034935,Babinski Reflex,None,100
C0151786,Muscle Weakness,None,182
C0456909,Blind Vision,None,111
C0027643,"Neoplasm Recurrence, Local",None,32
C0856975,Autistic behavior,None,20
C1851868,Reduced tensile strength of hair,None,25
C0035222,"Respiratory Distress Syndrome, Adult",None,56
C0006625,Cachexia,None,57
C0035229,Respiratory Insufficiency,None,140
C0035228,Respiratory Hypersensitivity,None,18
C0009691,Congenital cataract,None,59
C0854723,Retinal Dystrophies,eye and adnexa disease,33
C0410550,Collapse of vertebra,None,14
C0685695,Abnormal lung lobation,None,10
C0020429,Hyperalgesia,None,80
C0020428,Hyperaldosteronism,disease,19
C1839364,Progressive visual loss,None,36
C2985290,Fetal Alcohol Spectrum Disorders,None,13
C0235032,Neurotoxicity Syndromes,None,26
C0079731,B-Cell Lymphomas,None,15
C0678230,Congenital Epicanthus,None,178
C0271623,Hypogonadotropic hypogonadism,None,75
C2931092,Maternally Inherited Leigh Syndrome,None,11
C0271196,"Scotoma, Centrocecal",None,11
C0023380,Lethargy,None,77
C0011854,"Diabetes Mellitus, Insulin-Dependent",None,48
C0011853,"Diabetes Mellitus, Experimental",None,107
C0029454,Osteopetrosis,None,12
C0010520,Cyanosis,None,17
C1866934,Decreased to absent deep tendon reflexes,None,44
C0344233,Retinal blind spot,None,12
C0344232,Blurred vision,None,19
C0085207,Gestational Diabetes,None,12
C0020514,Hyperprolactinemia,None,10
C0020517,Hypersensitivity,None,63
C0040427,Tooth Abnormalities,None,70
C1301937,Talipes,None,20
C0497247,Increase in blood pressure,None,129
C0014170,Endometrial Neoplasms,None,53
C0271441,Chronic otitis media,None,52
C0085684,Foot-drop,None,27
C0085681,Hyperphosphatemia (disorder),disease,17
C0085682,Hypophosphatemia,None,18
C0266463,Lissencephaly,None,15
C0266464,Polymicrogyria,None,48
C1839039,Highly variable clinical phenotype,None,152
C0265660,Syndactyly of the toes,None,45
C0034065,Pulmonary Embolism,disease,21
C0034067,Pulmonary Emphysema,None,23
C0149745,Oral Ulcer,None,16
C0034069,Pulmonary Fibrosis,None,81
C0006845,"Candidiasis, Chronic Mucocutaneous",None,11
C0155552,"Hearing Loss, Mixed Conductive-Sensorineural",None,12
C0035828,Romano-Ward Syndrome,heart disease,14
C0020608,Hypodontia,None,83
C0233565,Bradykinesia,None,34
C0584837,Choanal stenosis,None,11
C0007114,Malignant neoplasm of skin,None,16
C4022587,Fatigable weakness of respiratory muscles,None,28
C4024641,Enlarged polycystic ovaries,None,10
C1839630,"Hypotonia, severe",None,33
C1879312,Agyria,None,15
C3550658,Maternal oligohydramnios,None,32
C1843156,"Hearing loss, progressive sensorineural",None,32
C0423903,Low intelligence,None,649
C1853737,Prominent occiput,None,22
C0240896,Fundus coloboma,None,18
C0240897,Retinal exudates,None,11
C1853738,Long eyelashes,None,37
C1867103,Limited elbow extension,None,20
C0575081,Gait abnormality,None,137
C0266362,Ambiguous Genitalia,None,24
C0543541,HYPERGLYCINURIA (disorder),None,12
C4275179,Young onset Parkinson disease,None,10
C1842774,Hyperpigmented macules,None,43
C1854882,Absent speech,None,43
C0024236,Lymphedema,None,22
C0016059,Fibrosis,None,43
C0021390,Inflammatory Bowel Diseases,disease,37
C0010278,Craniosynostosis,None,44
C0037268,Skin Abnormalities,None,37
C0575158,Kyphoscoliosis deformity of spine,None,60
C0015644,Muscular fasciculation,None,22
C4280517,Enlargement of craniofacial bones,None,11
C4280516,Thick craniofacial bones,None,11
C0008489,Chorea,None,29
C0152025,Polyneuropathy,None,37
C4280518,Hypertrophy of craniofacial bones,None,11
C0333641,Atrophic,None,10
C4280269,Noncancerous mole,None,28
C4280262,Dystrophic tooth enamel,None,31
C1837087,Macular pigmentary changes,None,16
C0002622,Amnesia,None,17
C4020734,"Nystagmus, continuous pendular",None,14
C4277682,Chemical and Drug Induced Liver Injury,None,212
C0005695,Bladder Neoplasm,urinary system disease,114
C0239479,Round face,None,45
C1850496,Neuronal loss,None,25
C0010200,Coughing,None,25
C4082243,Maxillary retrognathia,None,66
C1849314,Absence of radius and ulna,None,15
C1849311,Short first metacarpals,None,11
C0037317,Sleep disturbances,None,37
C0037315,Sleep Apnea Syndromes,None,16
C1866241,Broad feet,None,19
C1842170,Centrally nucleated skeletal muscle fibers,None,10
C0553706,SERUM PHOSPHATE ELEVATED,None,14
C4280607,Small wings of the pelvic girdle,None,13
C4280606,Hanging skin,None,24
C0398650,Immune thrombocytopenic purpura,None,24
C3278981,"Decreased visual acuity, slowly progressive",None,13
C0521573,Coloboma of eyelid,None,15
C0014175,Endometriosis,None,156
C0028949,Oligomenorrhea,None,19
C3536714,Renal dysplasia,None,24
C0027430,Nasal Polyps,None,10
C0001403,Addison Disease,None,18
C0026850,Muscular Dystrophy,None,44
C0086437,Joint laxity,None,55
C0022638,Ketosis,None,11
C0086438,Hypogammaglobulinemia,None,35
C0086439,Hypokinesia,None,19
C0018524,Hallucinations,None,42
C0311277,"Obesity, Abdominal",None,27
